,
0.20189493,0.243371356
0.19871513,0.228684166
0.19543715,0.127844026
0.21654864,0.098287356
0.19864624,0.188192996
0.21407084,0.184681076
0.19681709,0.184510576
0.21660034,0.160495826
0.2138619,0.184270786
0.20872169,0.158439036
0.20125874,0.136110126
0.19639764,0.165023536
0.19329384,0.160406136
0.18680413,0.175202476
0.18706828,0.164631326
0.19309674,0.187786636
0.20792176,0.094587892
0.19782046,0.175278936
0.20016965,0.174104436
0.1890907,0.148405336
0.19081809,0.118626166
0.19036099,0.124289876
0.20402847,0.129247556
0.21777521,0.085444666
0.21281847,0.172265426
0.1905528,0.182718576
0.19073214,0.228120796
0.18658599,0.142715656
0.18781415,0.157265356
0.18425604,0.178297536
0.18995219,0.179496796
0.2032716,0.178901406
0.20947874,0.212814706
0.19889121,0.191366356
0.18105814,0.219852896
0.18078214,0.174052656
0.18561624,0.156818336
0.19445784,0.136685436
0.19285709,0.169164436
0.19608966,0.173219516
0.22497517,0.144557116
0.19607946,0.171782716
0.18895501,0.135851496
0.1962815,0.124543106
0.187589,0.151581376
0.1844907,0.110793276
0.17612342,0.128298776
0.18531714,0.135625116
0.1999019,0.139058866
0.19296994,0.119192776
0.1824494,0.122003826
0.18582591,0.114316716
0.18087767,0.186993416
0.19326124,0.197782096
0.18421032,0.181701036
0.18858299,0.077819096
0.1751687,0.152522276
0.18863719,0.109719176
0.17857186,0.140707876
0.18366424,0.136602066
0.18679961,0.096617776
0.18436299,0.152381656
0.18773232,0.152438806
0.18008924,0.168777836
0.18194044,0.157094576
0.19124299,0.095730222
0.19433019,0.182075276
0.20251569,0.201348036
0.19147631,0.090015952
0.17923989,0.106411926
0.18126266,0.131281936
0.18433785,0.106663556
0.18147137,0.105444406
0.17811729,0.206420606
0.17969148,0.150830766
0.1848891,0.125588766
0.2147208,0.137744476
0.20633331,0.145486416
0.18859925,0.189076236
0.1936825,0.185237696
0.18943127,0.130808066
0.1837479,0.168506346
0.19631309,0.193714076
0.19781255,0.147510666
0.19481105,0.150102716
0.20451865,0.212737356
0.2013987,0.141510056
0.19369274,0.158097146
0.18695419,0.116155502
0.18694109,0.207193746
0.18625834,0.156385156
0.2068897,0.185084596
0.18896414,0.135029946
0.20362854,0.270945806
0.20218319,0.222584916
0.18848804,0.189591756
0.19548714,0.192265166
0.18244513,0.203309176
0.1874562,0.153293676
0.179252,0.168856006
0.18600248,0.236494536
0.18306618,0.154002559
0.2131409,0.217405626
0.19015494,0.158886346
0.19222195,0.199541196
0.19534069,0.140914026
0.24434333,0.319929736
0.1495821,0.221648679
0.18350015,0.169766186
0.19252881,0.232837196
0.19911992,0.248179736
0.18376897,0.169457176
0.17809526,0.201571616
0.20202207,0.130661926
0.19450393,0.181351326
0.19016773,0.198604216
0.19135597,0.194396176
0.17336182,0.193341736
0.18083657,0.251775146
0.19727987,0.249788546
0.18568702,0.234106376
0.18862882,0.197064676
0.22678553,0.189092582
0.20182663,0.190054126
0.19222987,0.277220006
0.19552163,0.257657126
0.20296573,0.254294616
0.22167044,0.252598656
0.20357478,0.262094386
0.21288748,0.271074456
0.24380453,0.288199276
0.167905262,0.300090449
0.151985652,0.14713717
0.19809243,0.15340341
0.21434767,0.13574737
0.20183633,0.38445033
0.19966943,0.3318349
0.21176767,0.2781676
0.20491274,0.20156388
0.20181659,0.23094898
0.2148675,0.25296757
0.2057383,0.25424072
0.20304259,0.22958188
0.20400034,0.25844856
0.21005254,0.22965441
0.20136864,0.22952865
0.20602683,0.24164384
0.21573668,0.2269194
0.20900873,0.19935589
0.18686693,0.18299716
0.18178582,0.18455951
0.22797056,0.24231762
0.16848422,0.21020518
0.18351458,0.21143172
0.17504907,0.21076542
0.17892283,0.26469485
0.20330465,0.2515348
0.20500655,0.29784317
0.19767199,0.24771353
0.19120404,0.27530655
0.18604105,0.34470972
0.19624181,0.27211865
0.1994417,0.27066997
0.2056108,0.24817261
0.17338229,0.23219062
0.16639413,0.27231297
0.17322234,0.25801144
0.18884798,0.31164072
0.20447464,0.42574516
0.20274033,0.33214038
0.22567313,0.30778372
0.22228978,0.415619
0.20782043,0.51832304
0.21437914,0.33295224
0.22175289,0.32427248
0.23029956,0.40104559
0.22100265,0.42585885
0.26430935,0.38333715
0.2714697,0.3339059
0.26102473,0.34570525
0.25580969,0.3675301
0.25224592,0.31450769
0.25136272,0.23054908
0.24661512,0.33571232
0.23798106,0.24197401
0.24504241,0.261547
0.26213148,0.24606611
0.26319597,0.14289751
0.26370191,0.17993611
0.24483341,0.14580161
0.23770247,0.20055197
0.25881652,0.23106021
0.25477182,0.31015907
0.26776474,0.22772746
0.26408079,0.18452383
0.25655602,0.16851686
0.26032621,0.21900742
0.22643582,0.18918211
0.21783996,0.22067251
0.20032217,0.18902836
0.20269703,0.20360967
0.21769878,0.23814326
0.24990668,0.20815891
0.24544096,0.20940211
0.24707189,0.26256916
0.27059472,0.22639185
0.26427312,0.40608501
0.25713456,0.33547331
0.25639312,0.24704021
0.26898403,0.32342276
0.26061592,0.22895132
0.24099353,0.2843513
0.20374818,0.30323248
0.19191238,0.32257023
0.21707398,0.39908052
0.22011568,0.47255331
0.20696718,0.47309511
0.20949998,0.47577507
0.22322993,0.47173477
0.21619683,0.47083901
0.22634455,0.51690817
0.21689788,0.47486771
0.26421098,0.48828364
0.19120732,0.47215667
0.18136887,0.47436602
0.154396392,0.47467116
0.20646822,0.47401657
0.20348957,0.47626137
0.22026417,0.50145201
0.22117137,0.51364919
0.20882982,0.47172302
0.20817367,0.47501857
0.27128668,0.48083552
0.1689405,0.61087963
0.252291761,0.36725758
0.2824914,0.43673054
0.2671606,0.43769858
0.2875416,0.48470929
0.2770767,0.39484634
0.2977975,0.38342673
0.2979479,0.44393933
0.31497,0.43830983
0.2878051,0.42601247
0.22450843,0.63786548
0.23437054,0.28994688
0.23018517,0.27379187
0.21843406,0.2850177
0.20689166,0.23069187
0.32876757,0.20106057
0.277013,0.32088373
0.28296336,0.14654577
0.3000163,0.22808277
0.31139595,0.27656138
0.27675611,0.21780763
0.15166722,0.25692024
0.20369821,0.30137809
0.18851896,0.39225998
0.16042416,0.26643641
0.15752368,0.27484248
0.174789482,0.20962669
0.36873161,0.23413338
0.24960722,0.16809767
0.25127458,0.3432981
0.15849848,0.32197008
0.14990022,0.58279907
0.149879972,0.29300017
0.15409346,0.20371727
0.14642217,0.23863886
0.2060883,0.21553937
0.2025853,0.25880277
0.2083195,0.25804742
0.2029872,0.24278821
0.221515,0.24423827
0.2054476,0.22461491
0.1978243,0.19208067
0.2025279,0.19610717
0.2149186,0.15552696
0.2169124,0.23968717
0.2078095,0.16943617
0.2204122,0.21854502
0.2116296,0.13930142
0.2151373,0.18658522
0.2215937,0.25426702
0.24313975,0.20653743
0.16379404,0.25435604
0.156450572,0.24940834
0.15363025,0.24983583
0.21096231,0.34066807
0.21038996,0.20890958
0.2430701,0.23899674
0.26985636,0.17435733
0.27524275,0.14759817
0.20098171,0.23860122
0.20449525,0.28338216
0.24446211,0.30843447
0.22129768,0.25313831
0.23487603,0.46670677
0.22151109,0.32431117
0.21317903,0.27587157
0.20283101,0.28442122
0.21117413,0.29574002
0.21928707,0.39041202
0.21257716,0.22889361
0.23022512,0.19612791
0.21191422,0.13256191
0.22448693,0.18790866
0.23423322,0.34851767
0.23375203,0.26421924
0.24952617,0.21781247
0.15997804,0.28503376
0.16991439,0.25989087
0.17582885,0.27153231
0.19176455,0.28227676
0.18841181,0.32274436
0.17139603,0.20376377
0.16548226,0.236331078
0.16878842,0.20912791
0.16540312,0.48981784
0.14864162,0.25891971
0.15711785,0.27883892
0.15661085,0.28500521
0.15818348,0.27301042
0.17976746,0.22669667
0.16815024,0.23592353
0.18808188,0.31563274
0.16981767,0.27996243
0.15468824,0.32420503
0.15346997,0.20614489
0.15359459,0.25170454
0.15376399,0.32593468
0.15642224,0.22435483
0.15788497,0.16094367
0.1626301,0.22478301
0.15701612,0.19093438
0.16259717,0.22932167
0.17258366,0.21277466
0.16384958,0.22001599
0.15311731,0.16438546
0.15680236,0.10814607
0.14823904,0.1134426
0.19257163,0.17260907
0.24976458,0.21575699
0.18908213,0.18374421
0.18047638,0.18982556
0.14294281,0.15492607
0.14819975,0.12733996
0.15081036,0.18416256
0.18648635,0.16822426
0.20757469,0.22994645
0.20884736,0.29355049
0.22235571,0.27314254
0.21375945,0.27926249
0.20329176,0.37078069
0.19963126,0.27068641
0.21016896,0.29594666
0.24558683,0.30975531
0.24496545,0.29400516
0.19397508,0.28343276
0.20191108,0.30498676
0.18863701,0.2791479
0.19569356,0.28056154
0.19543611,0.29943664
0.192871,0.28612065
0.2044943,0.33265605
0.20236216,0.34103735
0.19764805,0.31121441
0.19957531,0.30273076
0.19700539,0.31887695
0.1889547,0.40261871
0.1904407,0.32499639
0.1933736,0.2806749
0.19334831,0.30539984
0.21434216,0.3097594
0.21327121,0.42846081
0.1985849,0.26111895
0.20362421,0.2928248
0.20376766,0.3124741
0.20210497,0.2893584
0.20093427,0.3050792
0.22370237,0.28372365
0.22994202,0.26167411
0.22287057,0.2497031
0.20300846,0.25812224
0.20535122,0.24917199
0.19139451,0.31155684
0.1929977,0.31058894
0.18690726,0.32589914
0.18950035,0.320552
0.18740684,0.32129164
0.19557939,0.33789009
0.22052181,0.3185458
0.23809106,0.330156
0.20935691,0.3504902
0.1909072,0.3306536
0.19165861,0.32774045
0.19027039,0.32041711
0.19614846,0.16230356
0.22340119,0.31333362
0.1674916,0.28628241
0.18799145,0.22869147
0.22920527,0.32551889
0.24521359,0.32546671
0.21288526,0.21357487
0.21435921,0.23085091
0.21162131,0.21872906
0.21774447,0.18301179
0.21787131,0.26790996
0.21794331,0.46964391
0.20617447,0.40877622
0.19088959,0.48352621
0.18522844,0.42618317
0.18709254,0.33203817
0.19298325,0.21399447
0.19660295,0.27452672
0.18590675,0.32204817
0.19214919,0.16436977
0.19346955,0.22405986
0.18336159,0.21297669
0.18231465,0.18029542
0.18049774,0.15202227
0.18487436,0.27712212
0.10256311,0.32317902
0.19496923,0.30148072
0.10020011,0.17215093
0.19839607,0.17916317
0.19969602,0.32764111
0.18991417,0.24975913
0.21869752,0.38745287
0.20156932,0.29280913
0.18392052,0.28383243
0.18664627,0.23954809
0.19377721,0.29548545
0.19550262,0.20985024
0.20308331,0.2560269
0.19681637,0.45896676
0.18212131,0.12396028
0.17570975,0.13819425
0.18464549,0.17299707
0.14855412,0.15064577
0.15316747,0.23955401
0.16459508,0.20945102
0.1801354,0.19869288
0.18823731,0.19784839
0.18841101,0.21305149
0.19117557,0.21848611
0.20280167,0.26059969
0.22158536,0.19587174
0.14369746,0.15187842
0.17128133,0.16116921
0.15512582,0.17160076
0.14037768,0.226985
0.15881306,0.2054791
0.15577308,0.21333934
0.18192587,0.23316929
0.16366292,0.24261678
0.14616448,0.36396858
0.15137627,0.17477539
0.17185094,0.25782548
0.1825768,0.13755682
0.16974645,0.28037968
0.16942675,0.30983207
0.15258493,0.18285577
0.16095684,0.24483977
0.16830863,0.18964261
0.16561482,0.17964157
0.16828659,0.23530802
0.17028996,0.18854828
0.18061969,0.24022532
0.16764215,0.30257118
0.1695556,0.22340323
0.1684689,0.36167174
0.15670414,0.29760849
0.14318331,0.18694043
0.1551348,0.16745318
0.17475893,0.18199437
0.16987705,0.22017444
0.17329875,0.27813948
0.18238659,0.23676733
0.15004408,0.19070213
0.1489448,0.19403698
0.15617679,0.22647729
0.15170424,0.21407168
0.1610376,0.1788497
0.16707065,0.18447279
0.14032262,0.18075968
0.15365479,0.16138952
0.1587531,0.18448337
0.18741239,0.15635507
0.165276787,0.14138967
0.14677364,0.14027647
0.14362603,0.20444647
0.1497722,0.13537722
0.1439227,0.12358546
0.13815875,0.15661247
0.175385,0.17868437
0.16024494,0.17226323
0.15258039,0.23054437
0.16049001,0.19138207
0.17189341,0.18073327
0.16913409,0.21032791
0.1497026,0.18447181
0.15175565,0.17082291
0.14405359,0.21924966
0.15252345,0.20649708
0.16469616,0.25283032
0.15697951,0.18843251
0.15425559,0.20976221
0.14159668,0.19936256
0.13834143,0.20184902
0.15640354,0.32631883
0.15812492,0.18271727
0.15667492,0.1572817
0.06830642,0.317273
0.17168522,0.2165993
0.07192912,0.2955415
0.17284732,0.3007431
0.18333112,0.32682308
0.16870851,0.26952553
0.16071635,0.23145772
0.1583787,0.25931819
0.2033925,0.24975186
0.1808114,0.25652864
0.1048669,0.22177949
0.1098904,0.27083204
0.1634526,0.2874412
0.1601633,0.24691845
0.16577477,0.23799274
0.15225871,0.23871118
0.15822696,0.17874293
0.16884904,0.18613754
0.20045809,0.20498975
0.2437236,0.18316614
0.26660735,0.18580743
0.2923345,0.24646278
0.2729084,0.19732428
0.252175,0.24404488
0.30405034,0.23936703
0.31606154,0.19056667
0.32203901,0.15779987
0.26376875,0.19039783
0.21208575,0.18387538
0.2393356,0.24832278
0.23235987,0.23332794
0.21956644,0.2119836
0.21719461,0.20113028
0.22340423,0.25123134
0.21758546,0.18899924
0.22239898,0.23781468
0.29697405,0.19433691
0.2238035,0.18457982
0.22878425,0.23293373
0.23612804,0.23589807
0.23439795,0.22202277
0.25982965,0.21311267
0.23108154,0.18967117
0.24136997,0.27259877
0.21260895,0.20291582
0.2496426,0.25722804
0.27921975,0.23057404
0.27013355,0.23264009
0.31437985,0.20190754
0.26954903,0.19391008
0.26644493,0.19069143
0.26786306,0.18595228
0.29327005,0.23234658
0.2418867,0.25156958
0.2299611,0.24795264
0.2682187,0.34924334
0.2660799,0.44511093
0.30286573,0.30984514
0.2152762,0.25342818
0.20170982,0.31088712
0.19835152,0.27483892
0.19812757,0.21986578
0.20005016,0.23064768
0.20440437,0.23242829
0.2326341,0.23431127
0.24898734,0.22508993
0.27389243,0.18876387
0.25602367,0.23275987
0.24920048,0.23125042
0.24682275,0.19116367
0.32985516,0.12268153
0.20348931,0.20692009
0.20992327,0.30090971
0.20973666,0.34167206
0.20202971,0.31943096
0.20491481,0.25733934
0.20515111,0.29876431
0.20928121,0.20611105
0.20929847,0.31120763
0.23177576,0.21961501
0.20957907,0.19846576
0.23402467,0.19846228
0.21890357,0.29241632
0.17056367,0.29845453
0.15883533,0.26827706
0.16259491,0.26274796
0.17339566,0.25034814
0.15264496,0.33567361
0.16091601,0.2217509
0.18905361,0.22060339
0.17218121,0.26886024
0.16906471,0.37599364
0.15176391,0.41837938
0.15756481,0.28839424
0.15024691,0.27384409
0.15673505,0.32074047
0.14056315,0.22437809
0.13684735,0.33877648
0.15374205,0.22657271
0.1400204,0.17165161
0.152057,0.22946096
0.1543022,0.2916085
0.1564519,0.24864949
0.14375124,0.3467723
0.14420844,0.28100139
0.13149464,0.49424853
0.15075629,0.15614484
0.14820939,0.2557881
0.13221234,0.17980854
0.1411113,0.19696644
0.13176439,0.27929414
0.13444554,0.38763607
0.13759545,0.35757893
0.13884835,0.166796
0.14567531,0.14025705
0.14491425,0.230834
0.1412103,0.15993484
0.13284854,0.20616814
0.13029744,0.22075864
0.0566724,0.27684334
0.13478834,0.34032449
0.1412735,0.2639688
0.1485811,0.13465179
0.1530586,0.19047179
0.1405331,0.15809384
0.13391234,0.15818582
0.1359146,0.16694348
0.1359511,0.20365104
0.05290611,0.26916006
0.13606315,0.27010546
0.14995101,0.29988465
0.0532154,0.26012201
0.14143901,0.2765647
0.1403642,0.20208827
0.1454932,0.30292654
0.1386544,0.21417328
0.1417023,0.33541797
0.1349936,0.24852402
0.14704655,0.24318213
0.1369793,0.42622523
0.1297412,0.21436267
0.1405109,0.15996734
0.15793075,0.15499938
0.16316274,0.25863288
0.15821281,0.16053223
0.14047181,0.18146124
0.15153111,0.19724253
0.1342809,0.26119659
0.13253605,0.23711743
0.13387815,0.19573929
0.1382699,0.32077945
0.13309624,0.24829544
0.13389634,0.20332929
0.13696124,0.19636023
0.1565447037,0.18480929
0.17581965,0.20622609
0.14601951,0.14959784
0.13717485,0.12116188
0.1393531,0.16141694
0.1322692,0.16965534
0.12955014,0.1673825
0.1468359,0.17292904
0.24759561,0.17081045
0.21949887,0.1861475
0.21751309,0.20101927
0.22387963,0.18014077
0.20044232,0.13750375
0.20425138,0.26777001
0.19791442,0.19832025
0.20183251,0.27772669
0.20029156,0.28762765
0.18708059,0.2190132
0.14550437,0.24083081
0.16751606,0.2615955
0.13718732,0.27988521
0.13081084,0.46538422
0.13357965,0.38619237
0.150979374,0.27990446
0.15645646,0.16399314
0.16019237,0.2446336
0.14866318,0.23322201
0.15640437,0.31896086
0.16995632,0.27882391
0.27968243,0.26220325
0.19635845,0.3278113
0.20499598,0.2396514
0.18847768,0.38608351
0.21592476,0.20371975
0.23959676,0.35366931
0.2505403,0.28647281
0.26071116,0.28228372
0.25651986,0.22946447
0.30286872,0.24193745
0.33383286,0.24333216
0.23011081,0.21736456
0.19362772,0.21599716
0.18183311,0.24254536
0.19037537,0.3511576
0.17001042,0.2150536
0.18140547,0.22777326
0.18350448,0.23636446
0.16873718,0.19925191
0.18364833,0.1603921
0.16380871,0.20049725
0.08315009,0.21526476
0.18262465,0.21109991
0.09784862,0.17257641
0.10049561,0.23579046
0.17788865,0.18134875
0.1835005,0.16532195
0.19233498,0.21964246
0.18650809,0.18454766
0.28060986,0.24614013
0.17681145,0.175788472
0.15549645,0.136754229
0.20632391,0.304457456
0.16403045,0.125934116
0.1545535,0.090267342
0.07282745,0.104390806
0.08048745,0.147577486
0.21862231,0.133617236
0.18667825,0.154352886
0.18053545,0.155616786
0.18343145,0.226863186
0.18284336,0.162368526
0.1779865,0.120930416
0.19272636,0.187283586
0.21215231,0.194569759
0.35706636,0.172291196
0.24672636,0.231724549
0.19724241,0.217121386
0.20270036,0.174051396
0.20294841,0.204024829
0.20867145,0.130765996
0.20281241,0.199359426
0.19802945,0.149593426
0.19335741,0.138160936
0.22043941,0.180969396
0.24698745,0.189080216
0.21962741,0.162079396
0.22283041,0.204108656
0.1888605,0.130276186
0.20153041,0.152935506
0.21059245,0.150935236
0.21911436,0.151534766
0.24582727,0.163159066
0.19918431,0.154827866
0.1585507,0.183290026
0.16687941,0.188496576
0.15993936,0.178487436
0.15925436,0.195629206
0.17106936,0.165776396
0.26602236,0.161985236
0.30766836,0.204159526
0.20021736,0.151605576
0.19431445,0.129482526
0.25891241,0.221401649
0.27182941,0.185361836
0.19964354,0.210485709
0.21346822,0.220795006
0.19477731,0.199994646
0.2194685,0.189183046
0.21815945,0.212962386
0.30221541,0.202784436
0.28781631,0.138574236
0.22877036,0.179191696
0.21832926,0.160349036
0.20983736,0.212632936
0.21260431,0.152416352
0.23659636,0.195143286
0.18520127,0.179318236
0.17996731,0.239442966
0.17590336,0.155232506
0.21201936,0.148993376
0.28507536,0.197273896
0.20694641,0.151190526
0.22990541,0.138209826
0.22517841,0.132914126
0.19505541,0.197890136
0.20519745,0.216356936
0.27934136,0.211859486
0.20013353,0.158825016
0.2082594,0.128908466
0.21292263,0.154865246
0.22353972,0.123141986
0.21765068,0.130022106
0.19137777,0.124658136
0.27308177,0.132514186
0.21488063,0.173016489
0.20332876,0.160267036
0.21559576,0.121053166
0.21365572,0.115427806
0.22491663,0.110610516
0.25646358,0.123877506
0.24703467,0.118651626
0.21222372,0.139878086
0.21088976,0.170474886
0.20157772,0.185900896
0.24201761,0.221314006
0.2150059,0.169571796
0.18717595,0.212637746
0.19384491,0.190890266
0.19358272,0.157180356
0.20373353,0.293977916
0.18353267,0.209820536
0.21411572,0.251184846
0.22746063,0.205442146
0.24425858,0.142895006
0.14719558,0.190851006
0.21597367,0.205168026
0.22910263,0.161542516
0.20849981,0.176935316
0.20321672,0.154739616
0.14601876,0.166476816
0.20237081,0.134891206
0.14786476,0.173619516
0.24705368,0.154883416
0.22395886,0.117175826
0.23704862,0.138066916
0.25379463,0.190406796
0.24176558,0.204807606
0.24010453,0.219104356
0.24751158,0.195498026
0.26365853,0.179955526
0.24035453,0.251425016
0.24199953,0.319366946
0.24544248,0.143168196
0.23938772,0.113272026
0.23428581,0.124837696
0.22258081,0.157407006
0.22235876,0.100330176
0.23271586,0.107519626
0.23348463,0.113177776
0.21866872,0.119814426
0.24056558,0.103824626
0.23060372,0.106385206
0.21963576,0.082135736
0.2115809,0.083352296
0.20864486,0.144926396
0.23290672,0.175951996
0.12397063,0.101380236
0.21086272,0.115247696
0.20055387,0.150423886
0.21711587,0.152384636
0.22576449,0.146401416
0.23306062,0.181326766
0.23632654,0.126753446
0.248698437,0.163056726
0.19804527,0.156929646
0.20531497,0.181340556
0.20742557,0.216330546
0.207438986,0.234654106
0.24232848,0.215333196
0.24991331,0.242878106
0.24643049,0.182666186
0.24466577,0.165722582
0.22506581,0.137212346
0.23673986,0.166316746
0.23425972,0.184553596
0.24179967,0.158088916
0.24086372,0.270340186
0.23631572,0.264289586
0.23505372,0.265461646
0.23290462,0.246405346
0.26808554,0.167091806
0.24255772,0.206649636
0.24946282,0.213848136
0.24393977,0.262471626
0.24776567,0.193762986
0.24379758,0.224378666
0.25402163,0.247412686
0.25150463,0.257209396
0.26685853,0.264030796
0.24489472,0.165167256
0.23326777,0.188315746
0.24977872,0.226015846
0.25537862,0.175563366
0.27393849,0.191014076
0.27945844,0.204714676
0.30417335,0.221126786
0.27740054,0.219179696
0.25802872,0.190931226
0.24061086,0.289981136
0.2412679,0.312933166
0.22801286,0.306795516
0.22957695,0.264395366
0.22905281,0.179379566
0.24207872,0.211974366
0.23002181,0.220975086
0.23774568,0.201499326
0.23827068,0.211354746
0.24261567,0.208940136
0.23789172,0.193864076
0.24429467,0.186069126
0.24472777,0.198265436
0.24680281,0.200586636
0.24170868,0.183557776
0.23433551,0.210495376
0.25260382,0.211391306
0.23826161,0.197663436
0.25061067,0.194431446
0.24516568,0.194376286
0.25049363,0.221035436
0.24817172,0.247330546
0.25573667,0.238971296
0.26690782,0.205210346
0.25661281,0.146790646
0.25525082,0.193074296
0.24851967,0.195378206
0.24836062,0.199319886
0.23644968,0.199815006
0.24017663,0.180907746
0.24769358,0.178131496
0.24588458,0.145146846
0.24100962,0.163004596
0.24380758,0.197596996
0.24508767,0.142401396
0.22562253,0.121712046
0.22352679,0.189074006
0.20545054,0.151587096
0.21740849,0.213967206
0.21619308,0.133392656
0.20090772,0.148205286
0.19233172,0.156117836
0.19184272,0.166466486
0.21514663,0.174022796
0.21415353,0.166468146
0.20682176,0.136595136
0.20961367,0.157569566
0.20878067,0.203801796
0.21037858,0.120603736
0.1984629,0.138437046
0.19045172,0.152298806
0.19838772,0.144563136
0.19406758,0.142972236
0.21022858,0.125903336
0.18966054,0.143718439
0.19831962,0.186715706
0.20515853,0.167511496
0.26822649,0.153583806
0.37051021,0.120705586
0.42205925,0.166148046
0.42030821,0.160472706
0.36057834,0.169067306
0.21338432,0.139867136
0.21625249,0.149346036
0.21306849,0.168656486
0.21171362,0.190074566
0.18774677,0.197545686
0.18909158,0.150601126
0.19366562,0.185391026
0.19843163,0.190857046
0.19952367,0.180365626
0.20303662,0.172438346
0.19448681,0.147799296
0.21625367,0.177865696
0.20236222,0.160707586
0.19132363,0.152729046
0.18049977,0.091006846
0.19029281,0.234941596
0.18450882,0.232544136
0.1794709,0.114481996
0.18030986,0.143167846
0.18483686,0.172609996
0.19769237,0.121708796
0.19478786,0.181901846
0.18427082,0.384649756
0.18075182,0.345873869
0.17147186,0.337683069
0.17820586,0.238169746
0.17948081,0.114971386
0.1843709,0.153431826
0.18510182,0.144466586
0.18335282,0.170007306
0.19918182,0.133031736
0.21467381,0.134018036
0.20325672,0.134219536
0.2099896,0.136512436
0.19598467,0.189353586
0.20331672,0.205452986
0.18647562,0.203306446
0.18383877,0.199041696
0.23339067,0.133573956
0.23069077,0.106107496
0.24250867,0.168456056
0.26449763,0.159911006
0.25689342,0.283687556
0.23200881,0.187966506
0.25231847,0.184835996
0.18343781,0.190062556
0.14338072,0.131081786
0.20672853,0.214979946
0.14055317,0.240778006
0.15604582,0.226173316
0.14634072,0.217456706
0.14498877,0.211561736
0.14387886,0.144661336
0.13206591,0.218916086
0.14460839,0.224448526
0.16221358,0.144507516
0.23675258,0.209835756
0.25492258,0.221821936
0.26113139,0.137694576
0.23884948,0.137841136
0.27147558,0.118427776
0.19010763,0.134347266
0.18680963,0.175228426
0.20307017,0.124579936
0.1486345,0.219565956
0.26131536,0.156987286
0.28377122,0.179912426
0.28721727,0.181353276
0.24776327,0.168044466
0.15639541,0.216349236
0.14845045,0.157150386
0.17270241,0.129954426
0.15196941,0.155400186
0.14396941,0.216727136
0.14680241,0.322300526
0.13582241,0.140244476
0.15939041,0.123308466
0.14984836,0.135509262
0.14498136,0.144552986
0.17200346,0.175580826
0.14993241,0.143093212
0.14896541,0.200285516
0.15443131,0.285293916
0.15793527,0.320642866
0.15144936,0.194223716
0.21439122,0.193669516
0.32336417,0.166504866
0.36190713,0.191214866
0.37939204,0.176306116
0.21117981,0.158816112
0.20263554,0.139013616
0.18733327,0.174984976
0.14865441,0.204920666
0.15298441,0.212801416
0.15122436,0.182498086
0.1697825,0.176075716
0.16167136,0.173433876
0.15515836,0.168254426
0.14737845,0.151776176
0.15955231,0.198327476
0.15049411,0.156052976
0.13351545,0.184425376
0.13118445,0.219216716
0.14485145,0.301683862
0.05583545,0.181310566
0.15380645,0.257541576
0.15289141,0.289934076
0.14117154,0.259622366
0.13470545,0.175894276
0.1368065,0.163111516
0.13444641,0.137850716
0.14160045,0.120483376
0.21089275,0.089576716
0.229248,0.206847186
0.256273,0.212163396
0.175381,0.125055326
0.158914,0.187272626
0.190188,0.220770026
0.201104,0.272312526
0.175367,0.239797386
0.174199,0.248430226
0.201888,0.243882276
0.23093435,0.220469426
0.24906502,0.230276286
0.19759935,0.275430886
0.19667258,0.236303576
0.19174854,0.210130862
0.19010867,0.260122516
0.24720781,0.343999016
0.20976076,0.273334426
0.21449852,0.238041276
0.21603381,0.254794276
0.25169685,0.218426676
0.25364716,0.217083366
0.15577181,0.246810926
0.15531081,0.210022916
0.15345681,0.221962266
0.14368286,0.219880412
0.15994986,0.235905016
0.15708691,0.257065766
0.15043399,0.226836422
0.1515609,0.224805562
0.14496602,0.168301762
0.14389455,0.207401112
0.14216035,0.193654112
0.13456255,0.208463062
0.18210551,0.181588162
0.16538892,0.165303462
0.15168941,0.167311212
0.1230783,0.190971362
0.12996559,0.234000422
0.13442673,0.253883566
0.13534619,0.222148266
0.13218169,0.231008162
0.13434309,0.268120812
0.1821836,0.219337916
0.14588394,0.219595316
0.13140255,0.201333112
0.17657006,0.214278716
0.19220306,0.182666312
0.23240236,0.173294362
0.24452521,0.208855316
0.20139402,0.182098366
0.20499767,0.185498212
0.22376222,0.193453862
0.21464146,0.195068312
0.18123177,0.241826076
0.19264602,0.213646746
0.2571202737,0.217322316
0.1452619,0.250175412
0.18560135,0.192593666
0.18894187,0.209204462
0.15429722,0.182622776
0.17027308,0.199701826
0.17292998,0.190625422
0.16255028,0.207665262
0.2003488,0.232615716
0.2755157,0.213183522
0.38727692,0.196711976
0.42001066,0.210338526
0.41183576,0.184142862
0.23290498,0.204688516
0.15350071,0.217421586
0.16408027,0.184036712
0.17656501,0.190354112
0.15184035,0.250674142
0.1685269,0.245824716
0.1375419,0.251886662
0.12833806,0.269429116
0.12919216,0.214919712
0.13065616,0.226522262
0.14783896,0.318703776
0.13770694,0.329700576
0.14276295,0.276027166
0.16172206,0.247855762
0.16976003,0.227020166
0.17716593,0.226551776
0.17189827,0.290112226
0.18280542,0.205552462
0.20321663,0.261915226
0.20228363,0.204335876
0.21142964,0.272241386
0.21614598,0.392171852
0.23634373,0.421458152
0.24027808,0.480042552
0.22529263,0.335751052
0.21589419,0.202000756
0.21591453,0.216742802
0.22043433,0.205606916
0.21677402,0.234577902
0.20649408,0.233512366
0.26967368,0.244999516
0.27621989,0.204989266
0.22339319,0.272349516
0.21545194,0.240042366
0.19424768,0.145056612
0.20779544,0.157102802
0.19458938,0.141464462
0.19711072,0.158499962
0.22438188,0.212106862
0.21227888,0.177795266
0.21201658,0.175273662
0.20408298,0.202836316
0.24262963,0.169268162
0.18829373,0.161068862
0.21952302,0.192515416
0.19116728,0.176054766
0.19570113,0.141698726
0.19101518,0.167336486
0.19035372,0.133487116
0.1825748,0.097853176
0.14367626,0.094522466
0.13861326,0.122318416
0.13223021,0.100784276
0.13015021,0.155689326
0.14233741,0.112920276
0.13607026,0.117633976
0.13758615,0.167476026
0.1230516,0.099804376
0.13129571,0.118935276
0.15717512,0.089888816
0.13838396,0.097733916
0.05771771,0.129103226
0.05600056,0.095483716
0.05437981,0.108748576
0.15243742,0.149117826
0.14427066,0.139705266
0.14593137,0.087213516
0.13775597,0.091853016
0.13822837,0.097855616
0.13960065,0.081279076
0.15599402,0.087129316
0.15498719,0.092956786
0.15985472,0.119161086
0.14405372,0.103875386
0.14033168,0.128021236
0.13856681,0.169940486
0.14555672,0.085474032
0.13612677,0.115443436
0.13687481,0.175362586
0.15344572,0.128799746
0.16887277,0.101314936
0.18292086,0.101298286
0.18459372,0.213799386
0.14793077,0.116502086
0.15822281,0.089454626
0.1427489,0.119235986
0.14400277,0.232145086
0.15085772,0.198001486
0.13923491,0.199363936
0.15291076,0.129483836
0.1482459,0.178099036
0.14143881,0.185280332
0.16053272,0.197490236
0.13751476,0.136483086
0.14540881,0.148465086
0.14167081,0.102297086
0.13952981,0.156379386
0.15188395,0.104696486
0.14735881,0.117719336
0.1350239,0.180540986
0.13502791,0.115329286
0.1343409,0.132657936
0.13266501,0.150340246
0.14432541,0.118437986
0.1457559,0.101245776
0.14890982,0.118781136
0.15032377,0.106438686
0.13166776,0.147772046
0.14285177,0.109334246
0.14095986,0.076906872
0.14032181,0.210969036
0.16252188,0.165334496
0.14767885,0.171272472
0.14883563,0.119271536
0.14767967,0.094706536
0.14379472,0.097297626
0.14921876,0.099504386
0.14939667,0.092056386
0.14536486,0.092144672
0.15754081,0.101822686
0.15549176,0.117236626
0.14488581,0.130013386
0.13572285,0.129902626
0.13649986,0.146051986
0.13113799,0.133342586
0.13581086,0.129642486
0.13300681,0.191124516
0.14136786,0.181768116
0.14292004,0.156662526
0.23919411,0.206935686
0.14938204,0.145015526
0.12831886,0.129837936
0.12522691,0.145700886
0.13072181,0.161309626
0.12927786,0.149297386
0.14614351,0.182675776
0.05153391,0.130838126
0.13357491,0.143495126
0.0504839,0.123538476
0.12464595,0.148386426
0.1427809,0.215189426
0.12472599,0.105363812
0.12801404,0.105474476
0.0476269437,0.134399376
0.04808909,0.162915226
0.11876276,0.163977736
0.157956,0.163666526
0.06763286,0.113796016
0.13939091,0.104829862
0.14118781,0.087325376
0.1430889,0.227081496
0.12346946,0.222126546
0.13506295,0.192590736
0.15739981,0.145824526
0.15219185,0.121147786
0.14283491,0.180623386
0.13964495,0.130385326
0.1416809,0.156048186
0.16279262,0.182390716
0.13986695,0.134869086
0.1411499,0.173104586
0.1287799,0.158142486
0.13770586,0.160610826
0.14096481,0.148501676
0.13081081,0.161131536
0.14216186,0.175016526
0.11970399,0.162320576
0.12348395,0.098119276
0.12450891,0.144117626
0.11697795,0.164870186
0.12560195,0.142738626
0.12749891,0.147663576
0.15650576,0.190639562
0.1597828,0.235739386
0.21772488,0.145155476
0.28130799,0.142447476
0.29225499,0.193219686
0.29308299,0.153523236
0.30483504,0.185131086
0.1708303,0.167190286
0.15365085,0.233779326
0.13244954,0.334155039
0.15596654,0.363031049
0.18233041,0.319256236
0.19980141,0.201479886
0.22650611,0.132241876
0.2105556,0.127726296
0.20524841,0.134971076
0.21316845,0.164233062
0.1988825,0.087999466
0.27815045,0.095552666
0.26567546,0.098977476
0.20180941,0.103894976
0.20281136,0.137017686
0.20345441,0.182731136
0.21025436,0.393314399
0.22847156,0.355940286
0.1983724,0.325409299
0.20008945,0.358763749
0.19105263,0.304202549
0.19563458,0.234753576
0.22086744,0.133019426
0.20998563,0.124311476
0.24019768,0.103323676
0.21961849,0.138043186
0.21240763,0.114648086
0.21893188,0.115613816
0.19629963,0.122497186
0.18492472,0.098246432
0.18927272,0.101379076
0.19338163,0.116352386
0.18736567,0.172178986
0.18901363,0.235121136
0.20700548,0.178532132
0.19568663,0.189155936
0.18844138,0.175649836
0.17772368,0.148453322
0.17538468,0.169867472
0.18905063,0.136089026
0.19899348,0.147841082
0.18469768,0.130988072
0.21245267,0.177809886
0.19510292,0.212416226
0.15070591,0.207278346
0.14381695,0.276214286
0.1392189,0.207139786
0.14706991,0.118969022
0.14566376,0.163659786
0.18598258,0.172733472
0.2325184,0.180461186
0.18691863,0.124797726
0.18710339,0.125463632
0.16100968,0.275629186
0.15922449,0.302337036
0.15803058,0.347694886
0.16740253,0.259458126
0.20190044,0.274053786
0.21973736,0.131384072
0.213037719,0.127792332
0.228877885,0.135301832
0.153041289,0.145295522
0.145134716,0.177472886
0.149734716,0.194786086
0.146546006,0.207039126
0.136831546,0.210145562
0.291815869,0.211153426
0.302539956,0.143215432
0.295394679,0.140623622
0.157002666,0.152923872
0.139373259,0.212013726
0.140740756,0.299881536
0.133334946,0.155211116
0.127774396,0.181604286
0.167578266,0.138189726
0.151536856,0.173309422
0.257382206,0.168935326
0.257436436,0.157827476
0.254729506,0.133496322
0.220772806,0.201882386
0.142432526,0.130115062
0.147138126,0.202909176
0.127007206,0.167216222
0.119988346,0.254178986
0.115623346,0.173431016
0.116626486,0.183902862
0.050743166,0.227081876
0.052420346,0.218869826
0.127930256,0.163008086
0.125419396,0.193915826
0.050289486,0.143481862
0.051359486,0.164567712
0.129532346,0.149561862
0.128373396,0.197039722
0.143518346,0.134366012
0.167210309,0.160868162
0.157163156,0.189862786
0.199284019,0.112160576
0.161482166,0.094353472
0.154529789,0.128558226
0.153255256,0.141079836
0.130795946,0.140866686
0.133868256,0.164023416
0.158174606,0.200269836
0.182583569,0.247078536
0.140714776,0.171337986
0.174822076,0.151958986
0.177217719,0.152260286
0.141970756,0.187086386
0.137636566,0.116144432
0.125703616,0.123875546
0.152145226,0.178890946
0.155862416,0.138887496
0.157441669,0.231253486
0.152686016,0.114172236
0.149405216,0.187370846
0.149631976,0.184375996
0.200533066,0.278757546
0.214762139,0.262426496
0.180899249,0.245812586
0.189094079,0.257191386
0.215568176,0.333649082
0.171212076,0.175949386
0.175390066,0.175946046
0.202887076,0.163590286
0.230763879,0.190817046
0.253524336,0.234075246
0.173682916,0.149273292
0.271621779,0.317728096
0.209111729,0.192322186
0.218987789,0.153651936
0.184681316,0.202359476
0.155497166,0.216648786
0.327703906,0.206885362
0.327445586,0.059238126
0.352512786,0.112210562
0.245286216,0.197740076
0.238791989,0.121786466
0.232795939,0.153847016
0.175570439,0.138044216
0.151355686,0.079397362
0.180768539,0.326419462
0.225831129,0.284397062
0.184957419,0.213094326
0.174477929,0.181858272
0.173581069,0.289893282
0.180592276,0.204317682
0.184199079,0.414715332
0.169888426,0.218649036
0.153777666,0.170559572
0.173087036,0.256235746
0.190060179,0.313041946
0.267348199,0.232917886
0.199954599,0.375734832
0.187756249,0.188763482
0.228986509,0.239451732
0.193335139,0.309610382
0.164076369,0.231015682
0.129604116,0.266032132
0.130352266,0.179172922
0.064285556,0.162474132
0.126433306,0.177048632
0.220850406,0.155692872
0.349212583,0.167751462
0.246688299,0.156034132
0.147345746,0.216109486
0.113472986,0.302951532
0.066475996,0.248743632
0.152703606,0.188422632
0.152680196,0.260260782
0.155125306,0.258301482
0.070897656,0.224565536
0.181360269,0.150690982
0.151306559,0.165048482
0.171164256,0.160475592
0.179389336,0.188384382
0.157377356,0.159156232
0.142249156,0.210060132
0.158992226,0.208115132
0.168580069,0.178557432
0.193427929,0.197189792
0.204279019,0.181142532
0.203259216,0.201112546
0.155571256,0.190548532
0.153353396,0.170125682
0.166212256,0.195193036
0.163672209,0.172640882
0.163288026,0.193027292
0.169134066,0.183471532
0.188011979,0.216464382
0.152741216,0.282923832
0.152198296,0.188666332
0.164267116,0.171886682
0.166725119,0.189223732
0.162610116,0.194752242
0.176466029,0.221050336
0.179629026,0.181293032
0.182882979,0.334986946
0.256317126,0.285897986
0.182128069,0.323220432
0.164565126,0.274585492
0.181987069,0.138643732
0.168926256,0.095728372
0.219174209,0.117860632
0.186905306,0.122114582
0.215645506,0.137970436
0.177753166,0.077059372
0.177133119,0.071252122
0.162348256,0.103313958
0.171402119,0.132497446
0.166406206,0.152754796
0.163937166,0.234641846
0.180478206,0.253884232
0.239020119,0.234997046
0.231334979,0.164363646
0.221928069,0.164094296
0.213346889,0.218471906
0.223437929,0.181842946
0.171825979,0.160316336
0.189386889,0.225346246
0.216055879,0.224879396
0.185040119,0.262908046
0.222996119,0.141792946
0.235485979,0.177028096
0.242452926,0.178550456
0.233017136,0.190087906
0.173664026,0.249725806
0.187277029,0.202023332
0.183384026,0.213627156
0.163193206,0.177712806
0.149225126,0.213764006
0.162940126,0.253073432
0.174412116,0.157200332
0.162925116,0.164589632
0.156459166,0.175029636
0.211925979,0.205147136
0.187862576,0.135672472
0.164790116,0.144789472
0.156765346,0.146260732
0.265920256,0.212291236
0.232177079,0.201064486
0.265449839,0.242970786
0.273720929,0.249516746
0.241327889,0.219611836
0.156563886,0.173249586
0.187734026,0.146017936
0.189852889,0.159953836
0.162894166,0.188072036
0.169497829,0.197903386
0.167288019,0.164122886
0.159771076,0.193231232
0.166508256,0.207927036
0.148732166,0.160252686
0.422932076,0.371009232
0.33567374,0.31076207
0.20881344,0.16388411
0.21168421,0.16505927
0.22154012,0.12487364
0.24163721,0.11185303
0.22281093,0.14785915
0.19693717,0.13728872
0.19765744,0.12916626
0.17729634,0.11568593
0.1789575,0.1305925
0.14332656,0.14446544
0.13382713,0.18057514
0.21541335,0.09932503
0.23484935,0.10761209
0.22692939,0.13254959
0.19472067,0.16845189
0.15905968,0.19395372
0.13719857,0.13036103
0.12638996,0.16567385
0.12211592,0.16254574
0.12838816,0.15977083
0.12908896,0.13292108
0.12321022,0.14544234
0.12716735,0.35199474
0.1172398,0.21064496
0.21070542,0.19561859
0.23689281,0.24842184
0.29717536,0.27601589
0.19639777,0.22843026
0.19695107,0.18717359
0.18974908,0.20620017
0.19055072,0.1856792
0.22751998,0.17911104
0.20383123,0.18648825
0.17523162,0.15344905
0.19470662,0.14136569
0.22158128,0.13339889
0.20479327,0.11909859
0.23032882,0.12463815
0.25420302,0.17697041
0.23522068,0.14263756
0.20514343,0.13939177
0.20163258,0.14784432
0.20737138,0.19244462
0.22182634,0.10968578
0.20801332,0.08666438
0.25015033,0.1561773
0.19804515,0.19662941
0.19145424,0.15134285
0.19646545,0.23806786
0.21188075,0.13959644
0.20472825,0.16290294
0.21324036,0.1311756
0.25926646,0.09193079
0.2001485,0.14884654
0.20651745,0.11954288
0.19669921,0.15373599
0.20751025,0.12041929
0.1716647,0.10477619
0.1691666,0.17471814
0.15858035,0.14357215
0.18947791,0.13650269
0.16402636,0.17377789
0.15772735,0.1283592
0.15753961,0.14741685
0.17070426,0.18242425
0.20049031,0.18713641
0.22673717,0.1642378
0.20936926,0.16770969
0.22707641,0.14495874
0.24527657,0.1683319
0.21205836,0.19309235
0.27410227,0.11082879
0.22107836,0.09576959
0.19043646,0.10550104
0.16248246,0.19557914
0.17463822,0.09555429
0.19163027,0.10253263
0.16954531,0.09062173
0.19284446,0.09514149
0.16426345,0.09410914
0.16152316,0.18978106
0.16591896,0.14337049
0.15466281,0.08545118
0.17377301,0.07044493
0.16709226,0.12901579
0.15972727,0.0967391
0.21655502,0.11389724
0.20540246,0.12107801
0.23807661,0.15381081
0.25872446,0.12104681
0.23652911,0.16854671
0.24363931,0.16253447
0.24286431,0.12279834
0.24439141,0.12291127
0.25768521,0.11933525
0.23052247,0.10224221
0.22188936,0.15874895
0.21408165,0.1635839
0.21642755,0.16285158
0.23719661,0.15191335
0.22433751,0.13181894
0.24085855,0.18041334
0.2452635,0.17470659
0.24324021,0.18023524
0.23010785,0.17580654
0.23678621,0.19813284
0.22791395,0.18797049
0.24393035,0.19406864
0.24749811,0.24289439
0.26361041,0.19259314
0.21308111,0.17820374
0.24127111,0.16965819
0.23018835,0.18091899
0.26142371,0.22292975
0.30788561,0.16624484
0.33038041,0.24746259
0.21434741,0.17097029
0.23554935,0.15396418
0.2639202,0.12994909
0.2535013,0.14043108
0.25945815,0.14577688
0.23983845,0.10110794
0.2592663,0.12964761
0.2325127,0.14816494
0.2228177,0.24586514
0.24207065,0.14841404
0.25333641,0.13889298
0.22742865,0.16556559
0.2628875,0.14090598
0.22487971,0.18368684
0.2238345,0.14571607
0.24644654,0.13180542
0.24323394,0.15567094
0.2236728,0.13842784
0.247075,0.15491639
0.19433344,0.13415288
0.1962893,0.14054418
0.1949958,0.15710739
0.20148145,0.15783389
0.19435785,0.12265634
0.1999245,0.13790759
0.19926125,0.17039578
0.22405065,0.22509834
0.1968747,0.18063814
0.2023185,0.16994251
0.22539535,0.13979689
0.20763541,0.14218233
0.20942536,0.17488123
0.22338065,0.22638856
0.23857785,0.28447221
0.26138151,0.3921852
0.23512466,0.3096999
0.21562345,0.19064518
0.2646465,0.15656684
0.30341665,0.1150066
0.23643516,0.17438004
0.20391541,0.12233473
0.22451527,0.1302859
0.26122241,0.15936375
0.26140736,0.12662018
0.22471645,0.12467499
0.21513236,0.09862073
0.21729522,0.13992136
0.35695127,0.1951696
0.44191731,0.2240816
0.34982417,0.1756457
0.26599247,0.09607303
0.37033622,0.10315455
0.38070431,0.10192099
0.37088741,0.08249834
0.37438541,0.20333439
0.37959936,0.12191881
0.36640436,0.11870027
0.20487722,0.14060959
0.22120122,0.21783344
0.21902417,0.11778508
0.24799122,0.1585265
0.21733231,0.14579572
0.21033931,0.20156299
0.21752736,0.22070904
0.18655031,0.14427638
0.19466922,0.22194598
0.22343122,0.16389424
0.19807731,0.24868474
0.20341331,0.23962479
0.22271222,0.26659258
0.24385917,0.20241396
0.26353117,0.24427376
0.25710713,0.16967735
0.25099017,0.22505471
0.25598117,0.22497015
0.26510413,0.18723179
0.25998417,0.2261502
0.29912708,0.24052535
0.23844608,0.13981364
0.22845718,0.14568844
0.24465113,0.22093085
0.22408217,0.1880249
0.24375317,0.20084839
0.24196017,0.1501895
0.24491117,0.09540865
0.26225038,0.16344091
0.25230308,0.15799113
0.21939217,0.13057384
0.22109427,0.14917195
0.23111322,0.17762603
0.28015022,0.28926711
0.24527417,0.232617
0.24962977,0.14946661
0.24110012,0.18914946
0.27405622,0.12799669
0.25450722,0.12168845
0.26143462,0.1519086
0.26050437,0.18728251
0.24481687,0.1532716
0.24295872,0.1111719
0.26859904,0.1849169
0.23468217,0.1465782
0.30742303,0.15455425
0.23321027,0.13344124
0.24506627,0.32468019
0.22909831,0.1599295
0.25885907,0.15275163
0.23650122,0.19112974
0.29026113,0.33624617
0.28390417,0.36848173
0.26601422,0.31742763
0.25041436,0.1546687
0.26211466,0.18780285
0.24772056,0.19449275
0.35277845,0.17019455
0.27437345,0.17656845
0.23594641,0.17220305
0.24653336,0.16780835
0.26581136,0.19092816
0.31593741,0.2097441
0.37968836,0.19520162
0.27619591,0.15260961
0.24828401,0.12379485
0.27363426,0.11793225
0.25184431,0.1499469
0.2448373,0.16931185
0.25523251,0.11153665
0.27921971,0.17117721
0.27237131,0.20777429
0.25174663,0.24432103
0.25978736,0.21450372
0.25006241,0.32623454
0.25258836,0.19347191
0.25716636,0.20597796
0.25157545,0.31116339
0.27293036,0.31539048
0.29086836,0.43684305
0.27689241,0.38600191
0.22681441,0.1538769
0.25671941,0.11259385
0.24300141,0.12726094
0.23819941,0.15635662
0.2484215,0.10418648
0.28042236,0.14249345
0.38117222,0.178148
0.32444222,0.19705237
0.34225631,0.17301245
0.26071797,0.13549356
0.24786581,0.0914392
0.24690617,0.08043074
0.27322837,0.10521584
0.27989967,0.10080639
0.27807826,0.10031402
0.29484947,0.19917618
0.24897737,0.11134338
0.24896557,0.1319437
0.26656536,0.11674602
0.34313478,0.1656921
0.27596031,0.13336654
0.30491686,0.18342474
0.30282546,0.19890962
0.25409141,0.17766643
0.26093812,0.18654804
0.24388631,0.13503932
0.25287841,0.15773681
0.26849991,0.13785732
0.28007146,0.10696307
0.28879966,0.15180351
0.29815366,0.20408668
0.32264331,0.08775657
0.29815666,0.08958561
0.30667057,0.14785665
0.28516561,0.16841629
0.30637427,0.12322932
0.24776621,0.20540361
0.21873717,0.226938
0.21158301,0.1098375
0.22640041,0.10213657
0.22403036,0.13518537
0.20245541,0.08674556
0.21474341,0.19924471
0.21919731,0.11668281
0.21339736,0.09642639
0.20126841,0.08605057
0.22917131,0.12607827
0.26722481,0.09071816
0.31985921,0.13913397
0.27284942,0.14289334
0.25711912,0.12623903
0.31005726,0.14557743
0.26803926,0.10450737
0.22112571,0.09467617
0.27679771,0.11176656
0.26359011,0.09443637
0.28113821,0.10534012
0.32320666,0.13805333
0.27665265,0.13237752
0.26911341,0.09000137
0.28504036,0.16382184
0.26793036,0.1613907
0.24973445,0.14223707
0.26291541,0.12400438
0.29890945,0.17687431
0.3155165,0.11684264
0.30263095,0.09075512
0.2656675,0.11319338
0.2701055,0.10452508
0.25044445,0.124982978
0.2548708,0.118670149
0.23571541,0.124136676
0.24565745,0.117592166
0.2230195,0.259520626
0.23172641,0.174102656
0.2258495,0.228254976
0.26406345,0.126584926
0.30446745,0.129543226
0.28166841,0.213924496
0.2557895,0.284403626
0.26877741,0.167937176
0.25305645,0.194040386
0.26592941,0.177080789
0.25933245,0.230921686
0.24567941,0.193285926
0.24205345,0.194332686
0.29687141,0.232598776
0.2927174,0.232110366
0.27753041,0.178044146
0.25564845,0.189773586
0.27273045,0.189570526
0.29105941,0.175686636
0.29184927,0.087368226
0.27876331,0.071918886
0.23709731,0.134719646
0.26673741,0.139569209
0.26248431,0.086259826
0.27213441,0.130989399
0.32149345,0.108523586
0.2676135,0.166443899
0.30409845,0.133807176
0.29178845,0.078943266
0.29924036,0.125669636
0.31904536,0.075798066
0.29332436,0.078049966
0.27350345,0.079647616
0.29868445,0.086219016
0.26838245,0.093968826
0.28358241,0.083557916
0.29294345,0.098092376
0.28879841,0.083078166
0.26476266,0.127836536
0.27530741,0.128544036
0.26740045,0.112445326
0.29333145,0.106185239
0.29131241,0.113540566
0.33249845,0.193139766
0.32572841,0.207160556
0.24864671,0.239979096
0.22983945,0.206965556
0.27959745,0.234963226
0.31144945,0.287727476
0.35869836,0.274654126
0.35981545,0.264263166
0.3106555,0.287415276
0.3028275,0.236725676
0.32870145,0.277138229
0.3548335,0.272276466
0.2896055,0.209488156
0.28753254,0.279990076
0.29458245,0.363938476
0.30006241,0.183564676
0.2841525,0.186139956
0.29653554,0.238310186
0.32163045,0.189558306
0.28176554,0.201869906
0.3085665,0.164532506
0.3377055,0.158059306
0.32958041,0.176782006
0.31251145,0.193002352
0.31645845,0.225357356
0.27451545,0.249620716
0.28269631,0.227401306
0.26089241,0.233153466
0.28456736,0.270585226
0.28359045,0.217587916
0.28493645,0.253819206
0.31039041,0.199138016
0.26986341,0.195559356
0.25116845,0.250351102
0.30370536,0.266364456
0.30272401,0.261778766
0.26489341,0.232093356
0.24260545,0.219493556
0.29132836,0.204382106
0.2646985,0.291626346
0.3068715,0.228166906
0.29680445,0.163185916
0.28338541,0.182502766
0.2745255,0.173137706
0.28814741,0.183512306
0.25147445,0.199172706
0.27038441,0.127607529
0.28886836,0.084943656
0.32788036,0.114291466
0.40084131,0.113794626
0.44268931,0.119489966
0.36297136,0.128226686
0.27837136,0.113052116
0.26015931,0.095507356
0.21449431,0.135317816
0.24832436,0.099932996
0.26167641,0.080227606
0.22546341,0.071607156
0.24280936,0.071974396
0.26731545,0.063272756
0.26041145,0.079060306
0.29172336,0.105697216
0.24558736,0.078516156
0.26435131,0.076496526
0.26346431,0.074209426
0.24845931,0.067948386
0.23555436,0.072605376
0.26101531,0.076232076
0.25851931,0.079874266
0.26119217,0.074337016
0.26044942,0.110465946
0.26845222,0.093356066
0.23130113,0.141333986
0.23724017,0.078454176
0.24503517,0.089411276
0.28626122,0.090513826
0.26006922,0.097313496
0.26037227,0.088779966
0.25371822,0.099346036
0.30429636,0.100376076
0.27927027,0.093407176
0.26870127,0.078790466
0.27185131,0.096325946
0.35350127,0.094371726
0.33859027,0.085973126
0.31791071,0.097231286
0.24552031,0.136125846
0.24260991,0.183865296
0.26497827,0.187015356
0.32014757,0.178039719
0.24702127,0.167413499
0.24609827,0.136713459
0.25055231,0.125019596
0.25868327,0.117547996
0.26859027,0.116405746
0.35962927,0.101829056
0.33555127,0.110386196
0.23457027,0.104931546
0.23389631,0.094108796
0.22073231,0.113176496
0.23919336,0.099218656
0.25670031,0.131850616
0.21917831,0.135239056
0.22438931,0.169721216
0.22605431,0.138647086
0.23614296,0.197861636
0.24181227,0.164740986
0.22969787,0.243786386
0.23245827,0.219153496
0.27676127,0.138786146
0.37311577,0.132956946
0.31350827,0.129319736
0.30373727,0.294044596
0.27390266,0.133140746
0.24375327,0.185994946
0.21676127,0.171051436
0.24457127,0.160799006
0.21698836,0.209895496
0.32770331,0.130759156
0.27493961,0.168566106
0.22042627,0.126717056
0.21800031,0.111128116
0.21588531,0.099521456
0.22013341,0.099630606
0.27308122,0.121484056
0.26427831,0.122353156
0.27391351,0.179789326
0.24177276,0.226214089
0.21320451,0.121753656
0.24515722,0.162174956
0.23744923,0.091444446
0.22370981,0.094246606
0.24808496,0.107035156
0.21858936,0.089845536
0.21927586,0.123267756
0.24013036,0.145832266
0.28526727,0.247406026
0.29787131,0.198089106
0.26874531,0.219445806
0.27112336,0.197968856
0.28173631,0.119515046
0.26760031,0.180479086
0.29405031,0.234297006
0.27662727,0.213265766
0.27301031,0.167689416
0.25223613,0.099193276
0.22203336,0.102973536
0.24154144,0.093204016
0.2442325,0.101006326
0.24219754,0.097027816
0.2398815,0.116022926
0.25576245,0.098589966
0.2538995,0.114885946
0.32048045,0.162996846
0.31169845,0.141194556
0.26319945,0.106466886
0.2421685,0.098745426
0.26061195,0.082361626
0.25134445,0.079665666
0.2569535,0.078434816
0.23456345,0.120403106
0.27853236,0.186753086
0.26931131,0.241113966
0.24273445,0.125713156
0.26800645,0.083040126
0.26928365,0.075426476
0.2860005,0.076385006
0.29141841,0.081056576
0.29535435,0.116345479
0.24843236,0.077791726
0.26383636,0.102666396
0.26267236,0.081888476
0.23457241,0.376615006
0.23389245,0.306497516
0.31298345,0.101571986
0.32109645,0.091640596
0.3137555,0.168875626
0.25899345,0.149876956
0.24369145,0.149803476
0.23400845,0.122858226
0.23310745,0.119942146
0.23218845,0.124500866
0.23170631,0.136856806
0.23327931,0.131569276
0.24077927,0.137849706
0.25756531,0.127923716
0.26376936,0.154214376
0.23594545,0.154778236
0.23730905,0.141465926
0.26317545,0.142117636
0.25965045,0.105938426
0.2366605,0.079877026
0.21366615,0.097104736
0.2131974,0.144671986
0.22302805,0.115721779
0.2387875,0.099129496
0.28193654,0.077635716
0.2655165,0.088871496
0.27006015,0.089389986
0.25267045,0.108532696
0.23185315,0.118978806
0.25201076,0.104723316
0.25437424,0.103239046
0.25107145,0.092596416
0.2298985,0.094099186
0.23965445,0.097185236
0.23686336,0.120209386
0.21123541,0.098324196
0.22945241,0.105421616
0.22910245,0.085692526
0.32427481,0.265533669
0.29273636,0.278522696
0.32042736,0.186956106
0.28962436,0.082618896
0.26394441,0.138541896
0.29633576,0.182907886
0.25970027,0.094176076
0.25028536,0.104037186
0.23359241,0.090326976
0.25716236,0.088323186
0.25862395,0.127622986
0.29287136,0.222417616
0.30342941,0.171338116
0.26703211,0.102521236
0.24876041,0.111086886
0.24470736,0.096229026
0.25962641,0.107184306
0.26729136,0.103159966
0.25285245,0.095629776
0.2697005,0.108121666
0.24271041,0.187825876
0.23285141,0.158410926
0.24201831,0.150044959
0.25684245,0.106867966
0.25534841,0.101332446
0.29515211,0.116962476
0.34523911,0.121436346
0.28570431,0.115442146
0.28160527,0.174862179
0.28638322,0.096451186
0.26772127,0.140852396
0.27956227,0.107634836
0.25775127,0.142761596
0.23173731,0.148637876
0.23847736,0.082827736
0.23836136,0.144413296
0.23760836,0.131131826
0.25586231,0.095159696
0.27926227,0.089461596
0.27033641,0.082399096
0.27151236,0.085890856
0.28237342,0.142455006
0.22966931,0.157399556
0.23143231,0.118020526
0.24913127,0.154363366
0.24816427,0.154091679
0.27838731,0.153872879
0.27321031,0.094019236
0.25732536,0.129405546
0.25468827,0.147410946
0.28155631,0.151160566
0.24195731,0.130467446
0.26773231,0.084608446
0.26623527,0.091692466
0.28960627,0.106183986
0.28125432,0.086452596
0.27677436,0.139057019
0.27537736,0.142745256
0.33098631,0.117545546
0.27265731,0.117630316
0.26911427,0.136262478
0.25967036,0.191136106
0.27269041,0.199832166
0.31391836,0.192156176
0.31071427,0.243025616
0.27373427,0.272074676
0.28983422,0.204344446
0.26190231,0.191217626
0.27063027,0.216715436
0.27741741,0.195479076
0.27797841,0.238325396
0.29630645,0.218642836
0.26437941,0.221123496
0.27498041,0.213130896
0.26041636,0.194847196
0.25283641,0.154626456
0.27821341,0.131551566
0.25872141,0.122751056
0.25739845,0.088538636
0.29919836,0.088059046
0.28017836,0.097507546
0.26358436,0.094199746
0.26123541,0.101869246
0.26976531,0.141346939
0.28257836,0.138076166
0.30401741,0.179394826
0.29593811,0.225425059
0.28083541,0.154281706
0.30617336,0.175928326
0.28219006,0.121472006
0.27301641,0.166487156
0.25525736,0.176196206
0.27896836,0.183486456
0.2784746,0.166634286
0.30358836,0.209220406
0.30334536,0.26900875
0.29946536,0.33179805
0.29325922,0.30298975
0.29808131,0.3103452
0.30596531,0.31258076
0.29479031,0.31611651
0.27699727,0.27713791
0.25601827,0.26467204
0.27896017,0.27875261
0.26810622,0.26729703
0.27504217,0.27669979
0.28670022,0.30587857
0.27894727,0.11607871
0.25875522,0.10027061
0.28495422,0.06315355
0.28599527,0.11224931
0.30780931,0.09652105
0.27972327,0.08788461
0.29572822,0.09147666
0.27379236,0.20831066
0.26115606,0.21078571
0.26556436,0.27315066
0.24599341,0.28924391
0.30573931,0.27313711
0.23510941,0.28247916
0.23632831,0.29893191
0.23649531,0.28231261
0.23503336,0.2721221
0.24044031,0.28716351
0.25581031,0.26593916
0.25821031,0.25295446
0.23084527,0.15092496
0.21942131,0.11353807
0.21422131,0.12772346
0.20977831,0.11457211
0.24475827,0.12688546
0.27649722,0.19042702
0.26470331,0.14605071
0.27286131,0.18316262
0.23719636,0.13023696
0.25085947,0.08824991
0.31029231,0.16625331
0.40405917,0.14483626
0.42275627,0.20784526
0.26754041,0.20251077
0.26231436,0.39876551
0.26526231,0.45623621
0.22490031,0.27425415
0.24328822,0.35290845
0.30958231,0.3369742
0.41241445,0.32469055
0.40308345,0.29451704
0.54695527,0.31770035
0.31000127,0.26473061
0.36815422,0.24946927
0.31198841,0.33286881
0.27433436,0.33900911
0.21907936,0.30946655
0.25304236,0.31052831
0.24070231,0.33513795
0.28539241,0.31288001
0.23087625,0.3137488
0.23289931,0.32202421
0.27117036,0.36410926
0.25191301,0.30337855
0.24237636,0.32297231
0.22628336,0.39428926
0.30513036,0.3910882
0.34995541,0.32080295
0.38660041,0.39906591
0.30671145,0.41041796
0.3333235,0.37480354
0.4045258,0.2022714
0.35416345,0.19184365
0.35250445,0.09354385
0.35978845,0.10227655
0.27787845,0.09665795
0.18774051,0.1178862
0.16549994,0.07203839
0.17492145,0.07593474
0.19878431,0.09477635
0.21908401,0.13050445
0.22637381,0.17540485
0.20887875,0.10152131
0.19815051,0.10133766
0.30571216,0.13846436
0.24327142,0.14589991
0.19639571,0.09200171
0.19614642,0.08930545
0.21542433,0.13771745
0.21984857,0.09780035
0.18285445,0.18153456
0.19009741,0.11306171
0.20715136,0.19807907
0.20038631,0.18150171
0.17593771,0.15270991
0.19950211,0.14174601
0.18989025,0.14436136
0.20001421,0.24267426
0.21516536,0.44733967
0.24038071,0.41422297
0.23585976,0.40797436
0.22611321,0.39955492
0.22904236,0.64179542
0.20244901,0.39496171
0.21901331,0.39721866
0.21729451,0.39009076
0.19328792,0.42834606
0.20473731,0.43667341
0.21357236,0.42995785
0.19968141,0.4330173
0.21294841,0.438117
0.21774656,0.43125591
0.32380741,0.36053826
0.25859086,0.38363916
0.18427231,0.41584591
0.21978936,0.41072095
0.22647041,0.39615555
0.21326231,0.39715217
0.21983927,0.39852051
0.23482917,0.38864407
0.18401427,0.35958547
0.17075722,0.36901442
0.17551022,0.35753841
0.19111527,0.33818106
0.20640407,0.35901971
0.18125227,0.34316646
0.19350327,0.34936981
0.22009627,0.35381161
0.17670127,0.38580461
0.17263427,0.36991001
0.15123868,0.35285721
0.12740145,0.34792396
0.1342505,0.36817881
0.19799641,0.36817021
0.30478811,0.35604145
0.15062071,0.34875916
0.17157727,0.37802411
0.15378822,0.34545245
0.14321936,0.35309186
0.19781036,0.35414521
0.24186127,0.35086331
0.17301431,0.35655781
0.15181431,0.36326951
0.14796036,0.34851391
0.15582231,0.36013446
0.27658841,0.40937301
0.22000356,0.36849071
0.18675136,0.35161371
0.25575631,0.36812377
0.24445322,0.42692987
0.23499531,0.39878061
0.24210722,0.37776317
0.41530422,0.41121991
0.39320917,0.39729602
0.40815867,0.36760787
0.48054613,0.37322102
0.31535713,0.36975012
0.15917502,0.37775152
0.30808607,0.39336581
0.34444011,0.33465956
0.20539931,0.35869541
0.26208927,0.52065701
0.15943713,0.38859842
0.28495612,0.46579693
0.18776227,0.41903617
0.18766217,0.38484441
0.18245327,0.39927772
0.18432277,0.35175171
0.20315902,0.36894641
0.18225256,0.35486447
0.23052431,0.36389812
0.37574327,0.36899993
0.45145731,0.39438928
0.38224817,0.41242031
0.39369927,0.38570569
0.57972636,0.40519966
0.37367031,0.40494205
0.40711317,0.51020254
0.41681748,0.36111087
0.43636907,0.40239253
0.44143517,0.41079167
0.43162757,0.43205693
0.38627822,0.43029467
0.35590872,0.41445317
0.36142417,0.43746387
0.36688962,0.40087947
0.36910812,0.42045462
0.35172951,0.40200107
0.35293071,0.40356236
0.35467216,0.40495912
0.35055367,0.43026382
0.35961137,0.41892562
0.34523387,0.42260442
0.35081782,0.40902263
0.35214782,0.43282967
0.34611387,0.43460538
0.40124387,0.41588447
0.40499747,0.40437357
0.40107814,0.41336327
0.34635032,0.42484497
0.36204747,0.41369233
0.35602902,0.39869087
0.35061476,0.41686737
0.35836681,0.40378827
0.35547281,0.40643007
0.34582776,0.43579262
0.35877751,0.41165052
0.39784241,0.41150572
0.44241387,0.48792028
0.41870782,0.49103878
0.41358741,0.45548477
0.40333422,0.41292747
0.40254567,0.41551122
0.38422867,0.41971417
0.37974487,0.49193327
0.40838253,0.40144603
0.40276347,0.41071057
0.39803973,0.37608432
0.40190687,0.38816652
0.40064637,0.37009992
0.39917044,0.37659733
0.40068447,0.39919223
0.40098487,0.38258143
0.40422852,0.36589564
0.40404571,0.43326334
0.40138472,0.4093553
0.36170112,0.43168018
0.37506847,0.41017546
0.37460307,0.40174644
0.28770832,0.31167237
0.16925222,0.20664294
0.17521302,0.1864407
0.23490217,0.21439094
0.20460427,0.21280841
0.20118097,0.20415771
0.16332927,0.20207234
0.15699427,0.20066792
0.14455127,0.19981347
0.23328647,0.30065175
0.18044192,0.36157102
0.19249312,0.21658578
0.21132502,0.21589728
0.20278771,0.25120914
0.21177171,0.24417408
0.21651257,0.20964003
0.20150832,0.20497188
0.20233777,0.23963018
0.16370217,0.13451078
0.16324902,0.15037917
0.18489573,0.14388663
0.18721077,0.19044462
0.18511627,0.18330738
0.18463543,0.22176936
0.19260043,0.18309752
0.16862487,0.13710192
0.19521213,0.16276693
0.18496647,0.12379797
0.19733468,0.16352278
0.21000198,0.14066547
0.14941687,0.14287757
0.13949017,0.13996552
0.13774187,0.16879547
0.14922962,0.14323511
0.15786828,0.11105122
0.23991907,0.1505161
0.36551697,0.14581131
0.26501901,0.15627904
0.28101086,0.16808526
0.28655026,0.1562314
0.28340321,0.20924926
0.2733665,0.17721783
0.2611157,0.1615075
0.26545655,0.18171146
0.26204236,0.18463916
0.25731985,0.23948756
0.28786581,0.24978553
0.26748011,0.29046907
0.27823971,0.23583326
0.30848841,0.18479566
0.29282021,0.17507321
0.24336637,0.17651711
0.23320707,0.15743591
0.22406802,0.16883681
0.16571258,0.18370426
0.19301243,0.22318219
0.18594825,0.30861285
0.20724085,0.19901028
0.165963,0.20054203
0.1622741,0.24280753
0.20000406,0.24201901
0.19830735,0.20339373
0.29656766,0.22215545
0.2045855,0.24010583
0.20825458,0.21435613
0.21543881,0.18423512
0.17035726,0.18902234
0.17970687,0.17169355
0.16152866,0.1592476
0.1797841,0.1756604
0.26142275,0.37847254
0.21481551,0.21329427
0.18094897,0.22371893
0.18696437,0.32887967
0.18378437,0.15265094
0.15875171,0.18616284
0.18476662,0.41346658
0.18195113,0.58467057
0.17387751,0.30404732
0.17237918,0.32225747
0.21428249,0.17513264
0.22571923,0.18810807
0.18174377,0.21329017
0.19590082,0.37610281
0.16551741,0.19858948
0.30583098,0.18814687
0.26296439,0.17978572
0.32907445,0.21242883
0.1524282,0.15355887
0.13615293,0.14903697
0.2527555,0.21550745
0.2825117,0.17687254
0.25817885,0.22031124
0.2383255,0.22949536
0.2415501,0.18749027
0.23921824,0.16631163
0.36127843,0.26597998
0.2505721,0.28799899
0.20897499,0.50520937
0.28318414,0.37733157
0.26217264,0.37572672
0.27823398,0.18473037
0.28332174,0.16574473
0.28579838,0.16097102
0.21305773,0.19811862
0.22555037,0.18041372
0.22735143,0.20955252
0.16767237,0.20144283
0.16945505,0.15098613
0.22857467,0.15955977
0.26200597,0.17859403
0.25269197,0.14118211
0.28682597,0.27668667
0.23284142,0.17294102
0.26860937,0.30135673
0.17965617,0.11500727
0.21425612,0.11728548
0.31856747,0.14765193
0.29198107,0.12777757
0.26850953,0.12840887
0.24174172,0.15609717
0.19928867,0.15597221
0.23093572,0.18450604
0.29718051,0.18546177
0.22569237,0.13749537
0.18716047,0.13098557
0.27666662,0.18559767
0.19318647,0.46251547
0.21648701,0.24385652
0.22378481,0.29956422
0.25282478,0.23768313
0.27219651,0.26052928
0.36310521,0.14097011
0.34329766,0.21730007
0.31121547,0.19229553
0.31197231,0.22854162
0.29130786,0.16907902
0.20682521,0.17951877
0.22373566,0.16256214
0.21567321,0.20122827
0.22050001,0.16379647
0.39702417,0.21670743
0.39887082,0.13637813
0.38304892,0.14766162
0.32029928,0.13366653
0.32975823,0.13519983
0.29510332,0.19730713
0.35844937,0.34054614
0.25758806,0.36770404
0.26601904,0.35963468
0.24022574,0.24430688
0.31411769,0.27100097
0.28082371,0.29812658
0.25016399,0.30357568
0.18986302,0.27259207
0.18369874,0.28567492
0.22665436,0.30574308
0.16743206,0.35534007
0.28898191,0.29703812
0.33667541,0.30045932
0.28241566,0.28416952
0.23531641,0.29545908
0.19591171,0.20046157
0.20061701,0.21062697
0.29887857,0.35631263
0.21024647,0.27397292
0.23992212,0.34531877
0.22453647,0.32928582
0.16638197,0.37311367
0.25740516,0.25808412
0.19107681,0.26437858
0.27387326,0.35771997
0.37931381,0.35021222
0.34887576,0.33952697
0.21029701,0.19355557
0.24017361,0.23374207
0.33801827,0.27584238
0.308355,0.29156157
0.29913287,0.34221689
0.32246021,0.40133378
0.36007252,0.25799387
0.32998967,0.24229117
0.45176091,0.26194072
0.33207323,0.51666947
0.36433442,0.31414997
0.3091512,0.28289167
0.36444151,0.33137663
0.23265181,0.33229734
0.37167382,0.47573029
0.25730328,0.37481123
0.22470257,0.32586477
0.25331967,0.37601737
0.22994247,0.34672322
0.22328942,0.20376167
0.18703487,0.32048213
0.20142371,0.27539658
0.22297857,0.17134587
0.20760426,0.20559037
0.20291901,0.26746957
0.30237462,0.36868423
0.25361346,0.24653568
0.26110007,0.38024808
0.26949617,0.28083504
0.27354446,0.27110358
0.23121801,0.25601384
0.21625676,0.23865623
0.21601631,0.17129813
0.25339181,0.20155067
0.25576335,0.21639893
0.30803383,0.21818152
0.22315041,0.29048997
0.24860496,0.31084607
0.22757671,0.2875515
0.24480661,0.33326027
0.28983131,0.30649847
0.36273631,0.33204881
0.33399821,0.30500697
0.26456366,0.33220307
0.27341281,0.36091023
0.22211056,0.27829584
0.26451937,0.25287582
0.27282328,0.18108617
0.22811747,0.23343843
0.28383736,0.17077436
0.22903761,0.15137062
0.27704483,0.14891112
0.30882601,0.16531839
0.22110969,0.18504971
0.27857137,0.33195332
0.23168363,0.30475252
0.23921885,0.31848922
0.26653801,0.32275952
0.24964281,0.33532322
0.25961586,0.30307222
0.25180128,0.43309556
0.24822111,0.39718371
0.26729657,0.41256417
0.26077871,0.26598677
0.23329701,0.20092132
0.28311116,0.26024341
0.35005891,0.33593547
0.35641341,0.48115777
0.41946306,0.42058293
0.31826801,0.34396093
0.26985808,0.23100489
0.24250671,0.28008733
0.25063431,0.25012514
0.34957851,0.53889717
0.4333513,0.3730853
0.24597098,0.29611024
0.30985608,0.18330179
0.27918417,0.2111248
0.25332477,0.20449044
0.25281197,0.22725635
0.20248866,0.20377645
0.33384858,0.22249898
0.34334268,0.17820064
0.32808387,0.19559879
0.31186583,0.27697257
0.29973902,0.20918493
0.23034502,0.26899532
0.34437767,0.22322365
0.172093632,0.2128535
0.182180636,0.25498674
0.264885286,0.2874852
0.245695286,0.20710078
0.258273686,0.22799153
0.305051586,0.15813411
0.359783286,0.40876876
0.462029646,0.35583756
0.281589696,0.35687072
0.238334586,0.23770271
0.199402986,0.30100702
0.242536436,0.21150416
0.247958146,0.18429301
0.215260886,0.17859029
0.236425299,0.22197541
0.242333896,0.18170926
0.232046606,0.23166705
0.213318096,0.2211888
0.256310499,0.19044856
0.213180246,0.2376787
0.189117046,0.29478016
0.344339246,0.20632099
0.325996309,0.22577916
0.291355056,0.2317372
0.306137969,0.21918241
0.261188096,0.21235631
0.261362559,0.15906956
0.351716559,0.23080673
0.468799383,0.29573926
0.439567083,0.31051604
0.439164483,0.32585235
0.441556563,0.38653769
0.400697059,0.19070404
0.225682796,0.19994196
0.233715686,0.17270041
0.383724159,0.18502706
0.277843799,0.23451201
0.258133146,0.27161216
0.277590909,0.21533692
0.307013069,0.22326911
0.261059909,0.19974951
0.288775669,0.17884403
0.340020159,0.20722373
0.285161649,0.28931373
0.309339859,0.21710472
0.266108709,0.23521957
0.214385499,0.21362591
0.183103199,0.13788791
0.214868799,0.18898145
0.211021799,0.2687914
0.223302969,0.19735055
0.294592769,0.20226763
0.234043419,0.20143545
0.295156869,0.2187394
0.271668116,0.22859189
0.297828469,0.23083618
0.260063116,0.29341435
0.233196669,0.23894285
0.239903969,0.2292046
0.217334909,0.2446847
0.205715656,0.27078151
0.239049206,0.24034436
0.332823119,0.26640844
0.425632569,0.24172306
0.458275123,0.2576893
0.518477169,0.32922311
0.237198296,0.29329346
0.287569159,0.31656686
0.255446366,0.27297716
0.267368016,0.22812174
0.261014569,0.20829216
0.254788759,0.29464316
0.194940409,0.25794036
0.256795759,0.24140846
0.227890099,0.20231206
0.195099249,0.16883855
0.186689696,0.19202721
0.197440899,0.18730515
0.184725999,0.21443326
0.241729659,0.21572916
0.186443646,0.18849329
0.180830059,0.1724839
0.169066899,0.18294095
0.173969496,0.1642694
0.179060696,0.20737321
0.197365696,0.31151742
0.180375646,0.32964786
0.162135096,0.21827021
0.211622586,0.34936745
0.260691696,0.20885545
0.336397799,0.19233405
0.240684999,0.17269817
0.224146299,0.17589955
0.286021556,0.25622241
0.365475259,0.36511547
0.333907409,0.24822746
0.246656169,0.21592441
0.222722669,0.20008171
0.298283669,0.20200306
0.247908909,0.18296637
0.283752909,0.17772337
0.220973656,0.18429605
0.222209709,0.19311339
0.225362509,0.1687853
0.212432119,0.18032836
0.309655369,0.19158431
0.372711069,0.21708921
0.413064423,0.26887919
0.476654353,0.18254869
0.402691469,0.16035984
0.220340649,0.2336385
0.236930709,0.30178384
0.296753259,0.22612035
0.275114809,0.19611136
0.260064169,0.17072391
0.313361569,0.22458309
0.310895969,0.1720772
0.296129599,0.18467489
0.250039759,0.20776064
0.254017199,0.17585915
0.249164949,0.15280194
0.253976759,0.20152926
0.231897199,0.22981914
0.215187849,0.21723856
0.225624799,0.23346727
0.179238096,0.21550646
0.246642449,0.30021122
0.290177039,0.21312997
0.296906599,0.251463
0.296942499,0.30566175
0.317231499,0.22810616
0.364362486,0.22967736
0.311258199,0.2375006
0.382026636,0.21200334
0.309198346,0.2281363
0.378087486,0.21071115
0.340707186,0.19059829
0.349114936,0.1996846
0.298883599,0.23120759
0.355926946,0.23372945
0.319709886,0.23082116
0.362554386,0.22328484
0.322265786,0.23519725
0.461252006,0.21856585
0.29997718,0.2340916
0.254888246,0.25872406
0.32230417,0.22226625
0.37615058,0.33730666
0.46842428,0.28133316
0.42462949,0.28192321
0.33389309,0.2676356
0.35590044,0.335403
0.38425104,0.17308757
0.27499202,0.1582634
0.18018413,0.21659589
0.26805601,0.34815164
0.29530949,0.23220071
0.65690803,0.19486786
0.54678847,0.15405865
0.41955465,0.30952989
0.39431134,0.20395074
0.36703849,0.21789814
0.41166799,0.24056824
0.57383034,0.29177099
0.48324577,0.28263452
0.48026037,0.31338006
0.50579342,0.26356752
0.61565913,0.35148829
0.41587774,0.40815052
0.40780638,0.32289038
0.44483688,0.27916435
0.38875898,0.37106068
0.38927377,0.37428927
0.5439097,0.24396011
0.33607334,0.18536747
0.35712998,0.20096398
0.33419708,0.18956682
0.31126279,0.19063669
0.34491143,0.19687827
0.29113595,0.16889166
0.31514689,0.19415411
0.28182119,0.20670496
0.32987839,0.18621055
0.33893074,0.24270601
0.32212943,0.17353846
0.28650839,0.247316
0.35651887,0.20977291
0.31342989,0.21816189
0.35539894,0.30748353
0.30526389,0.16061284
0.28900234,0.16141149
0.31007544,0.17523499
0.36717253,0.15351096
0.30476443,0.16886552
0.30016848,0.3244527
0.33080909,0.30125491
0.28196183,0.2061144
0.26558828,0.21193171
0.2983579,0.19687437
0.30334468,0.17426151
0.31374688,0.177115
0.35180899,0.18570931
0.30874353,0.16839439
0.35290854,0.31508951
0.45635308,0.288379
0.33190907,0.21431277
0.37889934,0.20826559
0.25901928,0.19808521
0.22124624,0.16613515
0.23366998,0.16863166
0.30141864,0.16557877
0.24179016,0.14551158
0.25599405,0.17314223
0.25027115,0.19709338
0.2467771,0.18372752
0.26108925,0.13324801
0.31140306,0.14936692
0.2844785,0.16509508
0.28511359,0.25231015
0.2717825,0.22669139
0.27968614,0.20447921
0.28979414,0.17058731
0.24140239,0.17317259
0.22693789,0.24153901
0.18216793,0.27574684
0.32607624,0.26006435
0.42368044,0.30216512
0.33889877,0.26026096
0.273618913,0.21473768
0.2818903,0.18744095
0.2844882,0.12401825
0.26484914,0.15272366
0.2397582,0.11011696
0.26270787,0.18470437
0.35807121,0.21535121
0.23649691,0.21635013
0.25322785,0.15831074
0.33066282,0.17583808
0.39926577,0.20771051
0.35861546,0.32724231
0.1722309,0.11889916
0.2000472,0.13383902
0.2236662,0.15455978
0.4518644,0.24631182
0.251547,0.26384198
0.2987547,0.42496305
0.29097649,0.42329603
0.24602634,0.20094752
0.22399877,0.10260557
0.22072167,0.13933392
0.28964788,0.13002338
0.45417737,0.22704628
0.36368688,0.20649464
0.46387239,0.22075709
0.41790764,0.20577189
0.41984534,0.16661837
0.36520968,0.15087403
0.39517397,0.21713537
0.41943847,0.28101962
0.55857232,0.21339494
0.27517278,0.18328642
0.31788012,0.22667793
0.28406972,0.21228391
0.26418112,0.17437118
0.27535863,0.14401106
0.31540421,0.21367594
0.36639401,0.28477398
0.31710221,0.19415443
0.35623557,0.1999018
0.28166341,0.23043213
0.33268836,0.22211022
0.38525191,0.30952805
0.40533522,0.15808749
0.42186204,0.21387785
0.35903394,0.15917453
0.38670659,0.22723875
0.4342114,0.26441296
0.39108345,0.23564583
0.3668784,0.20143534
0.34204854,0.25639226
0.46927599,0.22239339
0.24041954,0.21401529
0.26550929,0.17533363
0.28533608,0.21728995
0.33616224,0.2798005
0.38564169,0.24028837
0.32276528,0.22519747
0.30116208,0.19162241
0.37423643,0.1605076
0.24611083,0.23421065
0.22695547,0.26430557
0.24891844,0.23674657
0.26636668,0.35199851
0.30365204,0.31538326
0.36446109,0.27728232
0.29780304,0.29568112
0.2780223,0.22493181
0.34403259,0.30968113
0.34316819,0.31396473
0.41960279,0.27769261
0.26874114,0.30328677
0.31184774,0.27466088
0.26890324,0.25196949
0.29481109,0.24375932
0.26034574,0.2343566
0.47664769,0.30233084
0.30267749,0.2562866
0.29401914,0.2542872
0.23473789,0.262714
0.23202818,0.24294661
0.29049138,0.31648954
0.24728394,0.29659329
0.3118753,0.29259533
0.29925718,0.27687152
0.26026509,0.21327712
0.26528494,0.20520827
0.33173758,0.23278987
0.31567118,0.28113787
0.43584021,0.19019476
0.30943474,0.15829212
0.22191484,0.18779527
0.23041658,0.19558757
0.27851568,0.19334782
0.36565784,0.23577937
0.41690754,0.22195732
0.33711159,0.28559617
0.37766524,0.22245192
0.37931499,0.21665194
0.36198704,0.24338329
0.39889069,0.20592379
0.40463964,0.255778
0.34796844,0.20536725
0.34066089,0.21813029
0.36249804,0.2830215
0.35978214,0.22426644
0.31271084,0.24171769
0.23330328,0.21896687
0.23602839,0.22956128
0.27196129,0.22056124
0.30425639,0.17759572
0.28935144,0.20187349
0.2888305,0.22044207
0.29949409,0.45441288
0.26268253,0.18587711
0.40260898,0.24141062
0.31385264,0.20254201
0.26545635,0.25782321
0.28329964,0.21919222
0.28868039,0.22096884
0.3232502,0.24911117
0.33167565,0.33791019
0.3731423,0.23330083
0.35427414,0.23324432
0.34251864,0.20279052
0.3096524,0.27675667
0.2479489,0.23341981
0.3085091,0.19184911
0.30180214,0.20501488
0.3536539,0.22510967
0.358702918,0.20283801
0.352757823,0.34548977
0.294243529,0.2524467
0.325711879,0.33967722
0.245366419,0.298896
0.219179856,0.32566364
0.247902516,0.30183883
0.249097929,0.23218118
0.287423229,0.23702006
0.271817329,0.26075791
0.278398429,0.24977463
0.264982429,0.20508416
0.241869029,0.30121761
0.274070229,0.2758387
0.288845009,0.22713814
0.342861709,0.28662437
0.268938959,0.19122937
0.294203299,0.24725531
0.321339099,0.45705072
0.293539099,0.20165537
0.340534149,0.15939966
0.302710149,0.24453686
0.362273549,0.31271041
0.327166199,0.20048743
0.303746139,0.27632203
0.304671699,0.20943201
0.244048849,0.18439166
0.253573099,0.26740555
0.258117799,0.26225677
0.256792999,0.32481231
0.258368949,0.17264177
0.284117699,0.21616783
0.270424259,0.20650817
0.296192799,0.19693854
0.298003699,0.27060691
0.350867399,0.34139921
0.321536999,0.37591801
0.261724049,0.24141606
0.246943299,0.1748565
0.274198699,0.21073706
0.235623899,0.24726231
0.230749049,0.23684315
0.252392799,0.22108101
0.234432739,0.21531901
0.246435649,0.21010431
0.281709599,0.26380711
0.297568149,0.22481811
0.242732399,0.24682136
0.209541639,0.21081611
0.224085339,0.21269721
0.227647739,0.11237841
0.195157349,0.17755923
0.259502399,0.20835511
0.229826239,0.16052036
0.281541339,0.15001661
0.260155199,0.1498223
0.301480959,0.16917986
0.331273349,0.16021546
0.269312499,0.16934559
0.264990649,0.27901797
0.305620349,0.23888056
0.248899849,0.21046491
0.254651859,0.33143527
0.257853599,0.17899647
0.251694849,0.12743006
0.273211009,0.15670721
0.297998759,0.2558623
0.286491849,0.22566551
0.308811899,0.24521956
0.289675899,0.23489573
0.250813799,0.19058305
0.227511919,0.19307969
0.233191799,0.18753166
0.333704709,0.31291456
0.354889619,0.26244816
0.243428219,0.17853187
0.295495249,0.28079866
0.223473759,0.11765291
0.274923709,0.12949396
0.384066799,0.21075146
0.254700799,0.17633456
0.326333846,0.35817622
0.383643186,0.31222906
0.266401799,0.28608211
0.264016946,0.20827757
0.288834849,0.19790116
0.286201899,0.30288382
0.395038959,0.34869882
0.323933849,0.70465422
0.288266759,0.49106226
0.354571799,0.1870552
0.397059939,0.29002132
0.366763946,0.23234486
0.433487939,0.27636746
0.414561299,0.21744372
0.405826709,0.19924883
0.307624569,0.26488607
0.298955669,0.25997128
0.382460669,0.41361157
0.346097709,0.37536313
0.308261359,0.39340597
0.249633709,0.27092516
0.246194759,0.26286172
0.252128799,0.18477481
0.256915759,0.12916696
0.252791709,0.10921566
0.278176559,0.09462191
0.260743849,0.15459422
0.267900799,0.15829953
0.242985709,0.35983709
0.253195399,0.29939016
0.275367799,0.12564392
0.291499759,0.17565538
0.277920849,0.16474518
0.287033549,0.23271132
0.397090849,0.26976488
0.381912946,0.12749841
0.362158386,0.15892476
0.403095386,0.13757061
0.284223939,0.13818626
0.275656986,0.11383341
0.255512849,0.25254136
0.251458799,0.29930583
0.243196799,0.29515467
0.265179949,0.30240683
0.282139799,0.29752507
0.311971799,0.20744498
0.309288669,0.14882012
0.310350859,0.18488308
0.310994799,0.23917598
0.349259699,0.12306227
0.343651899,0.12612562
0.399911546,0.17280753
0.306379799,0.16721342
0.315777709,0.19376883
0.374546663,0.29591895
0.350587663,0.23916477
0.364253573,0.26642121
0.350779523,0.27195347
0.316620569,0.19573786
0.330588663,0.15007791
0.352010573,0.13053272
0.355130573,0.13095126
0.289713599,0.14674348
0.284535799,0.15646493
0.271218849,0.44465512
0.239870799,0.14012592
0.229359799,0.17431884
0.236082799,0.13388561
0.252552799,0.15728177
0.255141899,0.15437647
0.267870949,0.12264229
0.279008759,0.18401084
0.245033299,0.13862094
0.260713099,0.10628803
0.249820999,0.12007562
0.258270749,0.17640609
0.235555596,0.12009548
0.322605999,0.15866584
0.321831749,0.12701288
0.317368109,0.12163032
0.281615849,0.13901407
0.318730856,0.13266858
0.421589846,0.12626753
0.423953896,0.11754904
0.431347846,0.11797132
0.399399979,0.28072878
0.317859619,0.22836222
0.358952756,0.24720513
0.387624509,0.15991457
0.279587896,0.24196472
0.289021669,0.12432292
0.279987619,0.11857652
0.248406669,0.15022892
0.260478999,0.11943827
0.197944559,0.11270264
0.202809209,0.14660694
0.247606069,0.14747749
0.233648969,0.16790034
0.242449109,0.16997522
0.300950856,0.13561853
0.268041619,0.11100097
0.282758669,0.1986781
0.326210379,0.22447806
0.307889669,0.28591095
0.263079759,0.18516759
0.226084569,0.1191187
0.240402529,0.2440357
0.246883806,0.15528052
0.206663309,0.14848328
0.183413846,0.18354892
0.185000759,0.15229692
0.186094806,0.20742732
0.189290846,0.22177551
0.181755896,0.19260731
0.240199759,0.16583916
0.245819669,0.16286137
0.373981759,0.18287342
0.344532619,0.17821314
0.343550623,0.2212133
0.355951573,0.1470248
0.356696483,0.21093261
0.368407523,0.19494822
0.383785479,0.2590221
0.330978569,0.19639272
0.306022756,0.15778255
0.263455769,0.1724283
0.231021619,0.16171455
0.254998666,0.17514156
0.191212156,0.19465666
0.185795846,0.19490163
0.227201756,0.1641179
0.216906509,0.18920952
0.177072709,0.20280401
0.185281646,0.18052166
0.207842899,0.17715396
0.224684899,0.18402741
0.206500399,0.21570898
0.160721946,0.23472956
0.358760899,0.29119791
0.342984849,0.239663
0.215549709,0.2452058
0.09547713,0
0.248963759,0.26429481
0.296926749,0.32485594
0.256425849,0.17633739
0.213303899,0.13878644
0.203153849,0.18655194
0.209135896,0.21809364
0.300353609,0.13799659
0.293969909,0.22059237
0.251943849,0.16986591
0.225246959,0.16071681
0.203887759,0.21893032
0.236583759,0.14409631
0.203588759,0.16843921
0.209355759,0.12765539
0.218047899,0.17748296
0.220792849,0.1529343
0.214464849,0.18995379
0.200342979,0.18762919
0.215369759,0.15282957
0.228323799,0.17940577
0.246690159,0.15587087
0.270117799,0.19102297
0.248962909,0.1237283
0.226759849,0.17257956
0.165527049,0.13892937
0.239578549,0.16232472
0.262274809,0.13989166
0.295776799,0.13720958
0.275773849,0.16108418
0.267340396,0.22356499
0.265859799,0.15904274
0.254961799,0.16112339
0.252585799,0.19675136
0.254976849,0.18509924
0.262345799,0.18040293
0.281602709,0.20178493
0.278228759,0.13705292
0.289515759,0.14856608
0.260875899,0.19641148
0.277625899,0.18989438
0.268079759,0.19011123
0.286282759,0.13677083
0.297690946,0.1417654
0.272904849,0.23223346
0.255558899,0.27598132
0.274243949,0.40619958
0.265690896,0.16462123
0.280145799,0.20995291
0.231736849,0.17655757
0.270080849,0.16854662
0.295821709,0.23432072
0.334009299,0.22664748
0.342860799,0.15683257
0.303438849,0.16635862
0.277602799,0.16668637
0.273495849,0.19871186
0.284128759,0.18956384
0.280839199,0.18770427
0.288611669,0.15844677
0.281492799,0.21109307
0.265862799,0.10755564
0.254261899,0.15388283
0.241378756,0.16979548
0.252014759,0.2012971
0.256122999,0.27879172
0.266714799,0.2604038
0.281514846,0.20501507
0.268315806,0.19409068
0.256958806,0.24270938
0.253966896,0.19063131
0.278996669,0.22811451
0.268181669,0.16720776
0.293090619,0.19487341
0.321819623,0.22969561
0.293102619,0.23740881
0.263335669,0.22153552
0.279881469,0.22972212
0.271539669,0.16616866
0.279277759,0.15728922
0.278915759,0.15473342
0.287002759,0.23921051
0.255882669,0.21569826
0.332317283,0.22840406
0.354103559,0.17340736
0.294908669,0.21228793
0.278335759,0.18100842
0.286559759,0.22027596
0.291629759,0.26838947
0.295062799,0.23298332
0.295440759,0.29463961
0.263135599,0.14900706
0.261976849,0.17876221
0.249414849,0.20099542
0.234827799,0.14095138
0.210678849,0.15388888
0.252424759,0.19372804
0.281005799,0.19586457
0.277426669,0.14733531
0.291895623,0.14448167
0.287415759,0.17189988
0.260089849,0.17073288
0.270063999,0.15762452
0.276276899,0.14635047
0.258430849,0.17223297
0.255204759,0.16958798
0.264689759,0.17433032
0.258183709,0.18526392
0.296373759,0.17063734
0.294178849,0.231716
0.240250799,0.19489509
0.252063709,0.19476283
0.264188099,0.13489867
0.238515759,0.09502852
0.294813759,0.11635883
0.279046619,0.12372012
0.293055429,0.15310459
0.270392479,0.11649027
0.297181429,0.12852097
0.264230529,0.17276756
0.275840669,0.12846227
0.304193619,0.15491581
0.293371669,0.16342767
0.270760379,0.13452057
0.254855569,0.15261801
0.271467619,0.14364751
0.278482569,0.20396003
0.242412529,0.18292807
0.274082529,0.15403611
0.248488569,0.15146171
0.282971569,0.15501322
0.256726569,0.17171247
0.268614569,0.19509811
0.260367479,0.24619507
0.256784069,0.29713225
0.253653009,0.20271176
0.178714469,0.133225
0.312693529,0.23741495
0.251773669,0.20448151
0.267805129,0.1374379
0.207099339,0.25264612
0.323147479,0.2378891
0.475705316,0.3773127
0.448051846,0.39204145
0.468001806,0.46388622
0.367471976,0.38388326
0.222466409,0.23815744
0.275859989,0.38222823
0.251870649,0.19078251
0.284536829,0.15268701
0.283750429,0.16006005
0.258648529,0.15182819
0.247332969,0.14781643
0.249935529,0.24898389
0.339496479,0.16485232
0.237428919,0.23179987
0.274226529,0.09234125
0.185577429,0.08157374
0.263182479,0.11383734
0.309231629,0.11775059
0.300874669,0.17008581
0.292918619,0.12052298
0.282171619,0.09649523
0.196719569,0.18361479
0.185721569,0.16955382
0.205840569,0.2029428
0.301080869,0.19240664
0.287397569,0.15267645
0.292133569,0.12933888
0.288292219,0.15052282
0.278888529,0.15892959
0.299969569,0.12991717
0.283531729,0.20913875
0.271569569,0.15653689
0.298415569,0.19221306
0.291651569,0.14895505
0.315699369,0.11696675
0.270982019,0.21144987
0.355864519,0.1287968
0.208114669,0.11494456
0.424266369,0.12846541
0.435169569,0.14541657
0.336101069,0.22230299
0.252075529,0.14197562
0.222001069,0.12709547
0.299991669,0.11958367
0.367650569,0.14541132
0.327985569,0.12595817
0.338146079,0.15430037
0.290615569,0.22179472
0.313131479,0.19841812
0.305875619,0.17909582
0.319596669,0.15152385
0.300283523,0.14334972
0.289535569,0.13476566
0.288854619,0.12772861
0.317961369,0.16310357
0.259046769,0.26967146
0.260631269,0.22318262
0.214524479,0.16983301
0.237999619,0.17971516
0.200034529,0.23070852
0.301692569,0.23689608
0.309850479,0.12349471
0.296468469,0.15684701
0.137653619,0.17249891
0.212011619,0.16383051
0.148406619,0.14605661
0.223177569,0.16997711
0.199249569,0.19663381
0.148748119,0.16707705
0.159856569,0.14698652
0.245951529,0.17261453
0.239937669,0.17673142
0.288790479,0.16131757
0.274610619,0.21497573
0.209693619,0.21692382
0.176868569,0.1397495
0.268287569,0.15806402
0.244708389,0.24465712
0.264064576,0.16583167
0.287716619,0.13410472
0.277503569,0.15713372
0.347879569,0.12942571
0.227799619,0.14038563
0.286300709,0.17068836
0.322847709,0.20506626
0.296562219,0.14894062
0.289829416,0.18303832
0.256429709,0.20685064
0.237356756,0.20382622
0.203422669,0.20730393
0.145286669,0.24146406
0.206237619,0.17384051
0.245676239,0.14315012
0.330588569,0.18576467
0.320758709,0.18520597
0.293482819,0.16361232
0.249101619,0.1727868
0.202027669,0.14640125
0.214279156,0.15104798
0.198385569,0.13660932
0.280525069,0.13320771
0.189529619,0.16742942
0.323512529,0.18430737
0.246157429,0.21416127
0.299813389,0.21717847
0.249475429,0.16901203
0.128814389,0.13230787
0.249266479,0.10174521
0.304437389,0.10809592
0.286769569,0.14358447
0.252485576,0.16049903
0.262290289,0.31346556
0.239057476,0.30801477
0.213549479,0.27467524
0.266150479,0.19047833
0.244526569,0.18607478
0.266760846,0.14809608
0.245575846,0.17478318
0.278677806,0.19765209
0.233258669,0.11651886
0.148832756,0.11947632
0.127846806,0.16214991
0.161565846,0.13831031
0.208860806,0.08624156
0.135641846,0.16237607
0.218283616,0.12940737
0.251880569,0.10952991
0.211045389,0.12880262
0.283137529,0.17212642
0.246245529,0.19348063
0.239718166,0.20334728
0.206073766,0.16273672
0.184133846,0.13764576
0.176416846,0.15186427
0.206735846,0.16479221
0.259350429,0.13326202
0.300357619,0.23909182
0.193169639,0.27915649
0.229738969,0.1155151
0.199396679,0.1808605
0.237635519,0.27186212
0.212879029,0.12629601
0.253265169,0.17867802
0.227188169,0.20687222
0.204657009,0.1507587
0.211184209,0.11030271
0.210937269,0.11757986
0.274172229,0.12154482
0.233769909,0.15827126
0.259345319,0.14687634
0.219016529,0.14786748
0.006562,0
0.223578069,0.22037412
0.221191129,0.20073686
0.298811729,0.26195948
0.196035789,0.17772558
0.358121889,0.20984143
0.249828739,0.19946883
0.314352139,0.25966505
0.308925043,0.17373825
0.309618339,0.17426502
0.266664989,0.12199466
0.325444789,0.15161202
0.249516779,0.13167088
0.290601919,0.14827162
0.256870279,0.16971971
0.216031269,0.13228431
0.235231169,0.14013171
0.242593369,0.1578714
0.237100019,0.14613006
0.291064319,0.17069547
0.244836616,0.11558111
0.238452979,0.13334942
0.240725966,0.12044106
0.119897569,0.14759002
0.123939969,0.15132397
0.167768916,0.12417896
0.295729679,0.17212342
0.156461829,0.18075662
0.273746429,0.18116438
0.243313869,0.15878521
0.245294119,0.18251993
0.241530929,0.18337982
0.292388029,0.22321793
0.247977969,0.16025436
0.238382526,0.09123181
0.219890519,0.14324186
0.158336399,0.15134291
0.184493659,0.11929401
0.188237296,0.12166388
0.170894569,0.16549896
0.226964139,0.14479388
0.263889299,0.12903668
0.216637469,0.10834302
0.206714399,0.12425346
0.244995359,0.12389997
0.247560459,0.16196029
0.123251159,0.15545373
0.169041259,0.14727926
0.212385099,0.14591738
0.192928959,0.15743659
0.233152959,0.22361456
0.219674909,0.19713258
0.244173009,0.24885155
0.214705759,0.21674553
0.196344249,0.18344478
0.205498199,0.14310603
0.139111349,0.12505432
0.211663199,0.16954243
0.228771099,0.18042188
0.215312099,0.12257761
0.160270859,0.14726777
0.144622059,0.13217546
0.157785009,0.13217286
0.230612099,0.16299281
0.266783859,0.17747602
0.276399899,0.14676092
0.198127196,0.16404242
0.206711049,0.15960774
0.255029999,0.15812452
0.200867199,0.17609967
0.259199009,0.14318242
0.298434769,0.16797139
0.250938809,0.20266789
0.175538869,0.16745147
0.262129119,0.17725777
0.294333119,0.16975618
0.282136629,0.24499209
0.279649823,0.21284505
0.282491779,0.19379465
0.248904719,0.12895877
0.131541069,0.19017899
0.239200869,0.12890052
0.202772619,0.12283162
0.147809669,0.14715188
0.205067909,0.18384527
0.188229359,0.13608447
0.122993059,0.14477402
0.109225106,0.14889203
0.196683306,0.15716224
0.108389859,0.17203033
0.192844909,0.15611538
0.185080059,0.12497228
0.124516109,0.13451087
0.183080206,0.12111576
0.261495159,0.19354218
0.202750056,0.19219512
0.221266369,0.15072458
0.213023919,0.14185573
0.225745669,0.12747868
0.285294029,0.11646247
0.266783869,0.19807167
0.213846769,0.11325451
0.142772879,0.15474696
0.198379829,0.14868318
0.211540289,0.15987003
0.169219919,0.12679206
0.182233269,0.13119961
0.246325069,0.12161701
0.190104069,0.11725342
0.209834969,0.10205361
0.196417919,0.09577301
0.213147069,0.11695731
